Thin young Thai girl is pure for foreigner cock and seed,http://en.heydouga.com/moviepages/4174/240/index.html,http://image01.heydouga.com/contents/4174/240/player_thumb.jpg,2017-10-15,Mook,Asia Fuck Dolls 
Brown skinned Thai girl receives potent sperm deep in her pussy,http://en.heydouga.com/moviepages/4174/239/index.html,http://image01.heydouga.com/contents/4174/239/player_thumb.jpg,2017-09-15,Boa,Asia Fuck Dolls 
Univeristy girl makes money having sex with sex tourist,http://en.heydouga.com/moviepages/4174/238/index.html,http://image01.heydouga.com/contents/4174/238/player_thumb.jpg,2017-08-15,Kittikorn,Asia Fuck Dolls 
Surprise Thai girl knocks my socks off with very good sex performance,http://en.heydouga.com/moviepages/4174/237/index.html,http://image01.heydouga.com/contents/4174/237/player_thumb.jpg,2017-08-03,Kiw,Asia Fuck Dolls 
Big gorgoues titties is back for another hot creampie video,http://en.heydouga.com/moviepages/4174/236/index.html,http://image01.heydouga.com/contents/4174/236/player_thumb.jpg,2017-08-02,Sanouk,Asia Fuck Dolls 
Little cum slut weighs only 35 kilos and made for bareback pleasure,http://en.heydouga.com/moviepages/4174/235/index.html,http://image01.heydouga.com/contents/4174/235/player_thumb.jpg,2017-08-01,Mena,Asia Fuck Dolls 
TiTTiPORN has most perfect nautral boobs in Thailand full bareback creampie,http://en.heydouga.com/moviepages/4174/234/index.html,http://image01.heydouga.com/contents/4174/234/player_thumb.jpg,2017-07-31,TiTTiPORN,Asia Fuck Dolls 
Stunningly built Thai fuck doll is the ultimate fuck toy,http://en.heydouga.com/moviepages/4174/233/index.html,http://image01.heydouga.com/contents/4174/233/player_thumb.jpg,2017-07-30,Sandy,Asia Fuck Dolls 
A Thai girl wants to be fucked and flled with potent sperm,http://en.heydouga.com/moviepages/4174/232/index.html,http://image01.heydouga.com/contents/4174/232/player_thumb.jpg,2017-07-29,Cooki,Asia Fuck Dolls 
Teen with braces and cute face receives nice sticky creampie,http://en.heydouga.com/moviepages/4174/231/index.html,http://image01.heydouga.com/contents/4174/231/player_thumb.jpg,2017-07-28,Momo,Asia Fuck Dolls 
Gorgeous Thai teen dream girl with the best ass ever receives healthy creampie,http://en.heydouga.com/moviepages/4174/230/index.html,http://image01.heydouga.com/contents/4174/230/player_thumb.jpg,2017-07-27,Tansanee,Asia Fuck Dolls 
Teenager Thai girl with tight body will fuck bareback no questions asked,http://en.heydouga.com/moviepages/4174/229/index.html,http://image01.heydouga.com/contents/4174/229/player_thumb.jpg,2017-07-26,Sunny,Asia Fuck Dolls 
Okay looking bar girl has unprotected sexual intercourse with stranger,http://en.heydouga.com/moviepages/4174/228/index.html,http://image01.heydouga.com/contents/4174/228/player_thumb.jpg,2017-07-25,Angi,Asia Fuck Dolls 
Nice lovely Thai girl moans like Japanese girl when you fuck her,http://en.heydouga.com/moviepages/4174/227/index.html,http://image01.heydouga.com/contents/4174/227/player_thumb.jpg,2017-07-24,Ittiporn,Asia Fuck Dolls 
Nice and super horny Thai girl loves to ride cock and feel creampie,http://en.heydouga.com/moviepages/4174/226/index.html,http://image01.heydouga.com/contents/4174/226/player_thumb.jpg,2017-07-23,Cheeky,Asia Fuck Dolls 
Only bareback sex with big natural titties on lovely Thai woman,http://en.heydouga.com/moviepages/4174/225/index.html,http://image01.heydouga.com/contents/4174/225/player_thumb.jpg,2017-07-22,Sanouk,Asia Fuck Dolls 
So beautiful Thai girl with skinny body and hairless pussy creampie,http://en.heydouga.com/moviepages/4174/224/index.html,http://image01.heydouga.com/contents/4174/224/player_thumb.jpg,2017-07-21,Sopa,Asia Fuck Dolls 
Cum inside this small girl with really big natural breasts,http://en.heydouga.com/moviepages/4174/223/index.html,http://image01.heydouga.com/contents/4174/223/player_thumb.jpg,2017-07-20,Pimmy,Asia Fuck Dolls 
Young pornstar like Thai girl is best sex creampie,http://en.heydouga.com/moviepages/4174/222/index.html,http://image01.heydouga.com/contents/4174/222/player_thumb.jpg,2017-07-19,Kaeo,Asia Fuck Dolls 
Bubble butt Thai teen filled with potent sperm,http://en.heydouga.com/moviepages/4174/221/index.html,http://image01.heydouga.com/contents/4174/221/player_thumb.jpg,2017-07-18,Armmy,Asia Fuck Dolls 
Gorgeous Thai woman is ultimate bareback sex doll,http://en.heydouga.com/moviepages/4174/220/index.html,http://image01.heydouga.com/contents/4174/220/player_thumb.jpg,2017-07-17,Balloon,Asia Fuck Dolls 
Adorable Thai teen with braces has sex on video for first time creampie,http://en.heydouga.com/moviepages/4174/219/index.html,http://image01.heydouga.com/contents/4174/219/player_thumb.jpg,2017-07-16,Phueng,Asia Fuck Dolls 
Petite girl returns to perform in new hardcore video set,http://en.heydouga.com/moviepages/4174/218/index.html,http://image01.heydouga.com/contents/4174/218/player_thumb.jpg,2017-07-15,Min,Asia Fuck Dolls 
Very horny girl loves sex so much and she does great video,http://en.heydouga.com/moviepages/4174/217/index.html,http://image01.heydouga.com/contents/4174/217/player_thumb.jpg,2017-07-14,Dara,Asia Fuck Dolls 
Thin young Thai girl is pure for foreigner cock and seed,http://en.heydouga.com/moviepages/4174/240/index.html,http://image01.heydouga.com/contents/4174/240/player_thumb.jpg,2017-10-15,Mook,Asia Fuck Dolls 
Brown skinned Thai girl receives potent sperm deep in her pussy,http://en.heydouga.com/moviepages/4174/239/index.html,http://image01.heydouga.com/contents/4174/239/player_thumb.jpg,2017-09-15,Boa,Asia Fuck Dolls 
Univeristy girl makes money having sex with sex tourist,http://en.heydouga.com/moviepages/4174/238/index.html,http://image01.heydouga.com/contents/4174/238/player_thumb.jpg,2017-08-15,Kittikorn,Asia Fuck Dolls 
Surprise Thai girl knocks my socks off with very good sex performance,http://en.heydouga.com/moviepages/4174/237/index.html,http://image01.heydouga.com/contents/4174/237/player_thumb.jpg,2017-08-03,Kiw,Asia Fuck Dolls 
Big gorgoues titties is back for another hot creampie video,http://en.heydouga.com/moviepages/4174/236/index.html,http://image01.heydouga.com/contents/4174/236/player_thumb.jpg,2017-08-02,Sanouk,Asia Fuck Dolls 
Little cum slut weighs only 35 kilos and made for bareback pleasure,http://en.heydouga.com/moviepages/4174/235/index.html,http://image01.heydouga.com/contents/4174/235/player_thumb.jpg,2017-08-01,Mena,Asia Fuck Dolls 
TiTTiPORN has most perfect nautral boobs in Thailand full bareback creampie,http://en.heydouga.com/moviepages/4174/234/index.html,http://image01.heydouga.com/contents/4174/234/player_thumb.jpg,2017-07-31,TiTTiPORN,Asia Fuck Dolls 
Stunningly built Thai fuck doll is the ultimate fuck toy,http://en.heydouga.com/moviepages/4174/233/index.html,http://image01.heydouga.com/contents/4174/233/player_thumb.jpg,2017-07-30,Sandy,Asia Fuck Dolls 
A Thai girl wants to be fucked and flled with potent sperm,http://en.heydouga.com/moviepages/4174/232/index.html,http://image01.heydouga.com/contents/4174/232/player_thumb.jpg,2017-07-29,Cooki,Asia Fuck Dolls 
Teen with braces and cute face receives nice sticky creampie,http://en.heydouga.com/moviepages/4174/231/index.html,http://image01.heydouga.com/contents/4174/231/player_thumb.jpg,2017-07-28,Momo,Asia Fuck Dolls 
Gorgeous Thai teen dream girl with the best ass ever receives healthy creampie,http://en.heydouga.com/moviepages/4174/230/index.html,http://image01.heydouga.com/contents/4174/230/player_thumb.jpg,2017-07-27,Tansanee,Asia Fuck Dolls 
Teenager Thai girl with tight body will fuck bareback no questions asked,http://en.heydouga.com/moviepages/4174/229/index.html,http://image01.heydouga.com/contents/4174/229/player_thumb.jpg,2017-07-26,Sunny,Asia Fuck Dolls 
Okay looking bar girl has unprotected sexual intercourse with stranger,http://en.heydouga.com/moviepages/4174/228/index.html,http://image01.heydouga.com/contents/4174/228/player_thumb.jpg,2017-07-25,Angi,Asia Fuck Dolls 
Nice lovely Thai girl moans like Japanese girl when you fuck her,http://en.heydouga.com/moviepages/4174/227/index.html,http://image01.heydouga.com/contents/4174/227/player_thumb.jpg,2017-07-24,Ittiporn,Asia Fuck Dolls 
