【マッサ`ジ】i出し☆プラチナJDのヌルヌル☆最後のひと幛扦钎丧ドクぴゅっぴゅ！！【人撮影】,http://en.heydouga.com/moviepages/4141/031/index.html,http://image01.heydouga.com/contents/4141/031/player_thumb.jpg,2015-09-04,PurachinakyuuJD,Beat Massage 
【マッサ`ジ】ゴメンンサイ..萌え萌えの可郅J☆Kがイケナイ制服マッサ`ジ！！【人撮影】,http://en.heydouga.com/moviepages/4141/030/index.html,http://image01.heydouga.com/contents/4141/030/player_thumb.jpg,2015-09-02,MoemoenkawaiiJK,Beat Massage 
【マッサ`ジ】昴讥猊钎耄妫！！とにかく莩证瑜なりたい19rド淫乱巨乳クォ`タ`！！【人撮影】,http://en.heydouga.com/moviepages/4141/029/index.html,http://image01.heydouga.com/contents/4141/029/player_thumb.jpg,2015-09-01,19saidoinnrannkyonyuu,Beat Massage 
【マッサ`ジ】初登雒廊衰猊钎耄。・蓼盲郡辚楗芝楗芝猢`ドでヌルヌルぴゅっぴゅ！！【人撮影】,http://en.heydouga.com/moviepages/4141/028/index.html,http://image01.heydouga.com/contents/4141/028/player_thumb.jpg,2015-08-27,Hatsutoujyoubijin,Beat Massage 
【マッサ`ジ】このうえなく淫靡な知的美人のu的なヌルヌルぴゅっぴゅ！！！【人撮影】,http://en.heydouga.com/moviepages/4141/027/index.html,http://image01.heydouga.com/contents/4141/027/player_thumb.jpg,2015-08-21,Chitekibijin,Beat Massage 
【マッサ`ジ】フレッシュでキラキラしたかわいい女の子！！ヌルヌルのぴゅっぴゅ！！【人撮影】,http://en.heydouga.com/moviepages/4141/026/index.html,http://image01.heydouga.com/contents/4141/026/player_thumb.jpg,2015-08-20,Kirakirakawaiionnanoko,Beat Massage 
【マッサ`ジ】ものすごくエッチなスレンダ`美人が全身で感じまくりのN天！！【人撮影】,http://en.heydouga.com/moviepages/4141/025/index.html,http://image01.heydouga.com/contents/4141/025/player_thumb.jpg,2015-08-19,Surenda-bijin,Beat Massage 
【マッサ`ジ】期待度maxダイヤの原石的美女が初めてのマッサ`ジでまんこヒクヒクぅ！！【人撮影】,http://en.heydouga.com/moviepages/4141/024/index.html,http://image01.heydouga.com/contents/4141/024/player_thumb.jpg,2015-08-18,Daiyanogensekitekibijyo,Beat Massage 
【マッサ`ジ】童で可郅ぅ抓欹撺ム巨乳JD！よろこびにヒクヒクするぅパイパン！！【人撮影】,http://en.heydouga.com/moviepages/4141/023/index.html,http://image01.heydouga.com/contents/4141/023/player_thumb.jpg,2015-07-01,KyonyuuJD,Beat Massage 
【マッサ`ジ】童激カワプレミアム巨乳JDがまったりとちんこマッサ`ジ！！※フェラは挨拶【人撮影】,http://en.heydouga.com/moviepages/4141/022/index.html,http://image01.heydouga.com/contents/4141/022/player_thumb.jpg,2015-06-30,KyonyuuJD,Beat Massage 
【マッサ`ジ】とんでもなく良いぃグリップでちんこを握られてマッサ`ジ！！【人撮影】,http://en.heydouga.com/moviepages/4141/017/index.html,http://image01.heydouga.com/contents/4141/017/player_thumb.jpg,2015-05-20,White skin japanese teen,Beat Massage 
【マッサ`ジ】アッアッ!!敏感^ぎるカラダの美乳な`す!! 手ミャンでN天!!!【人撮影】,http://en.heydouga.com/moviepages/4141/021/index.html,http://image01.heydouga.com/contents/4141/021/player_thumb.jpg,2015-05-19,Binyuuna-su,Beat Massage 
