フェティッシュ宥佚CUBEvol.58,http://en.heydouga.com/moviepages/4033/058/index.html,http://image01.heydouga.com/contents/4033/058/player_thumb.jpg,2017-01-03,aoyamarika,CUBE 
フェティッシュ宥佚vol.57,http://en.heydouga.com/moviepages/4033/057/index.html,http://image01.heydouga.com/contents/4033/057/player_thumb.jpg,2015-12-30,okamotonozomi,CUBE 
フェティッシュ宥佚vol.54,http://en.heydouga.com/moviepages/4033/054/index.html,http://image01.heydouga.com/contents/4033/054/player_thumb.jpg,2014-12-24,aoyama rika,CUBE 
フェティッシュ宥佚vol.53,http://en.heydouga.com/moviepages/4033/053/index.html,http://image01.heydouga.com/contents/4033/053/player_thumb.jpg,2014-09-23,yosizawaiori,CUBE 
フェティッシュ宥佚vol.51,http://en.heydouga.com/moviepages/4033/051/index.html,http://image01.heydouga.com/contents/4033/051/player_thumb.jpg,2014-03-15,satomi mari,CUBE 
フェティッシュ宥佚vol.49,http://en.heydouga.com/moviepages/4033/049/index.html,http://image01.heydouga.com/contents/4033/049/player_thumb.jpg,2013-10-26,kitajima yui,CUBE 
フェティッシュ宥佚vol.48,http://en.heydouga.com/moviepages/4033/048/index.html,http://image01.heydouga.com/contents/4033/048/player_thumb.jpg,2013-08-20,yosizawa iori,CUBE 
フェティッシュ宥佚vol.47,http://en.heydouga.com/moviepages/4033/047/index.html,http://image01.heydouga.com/contents/4033/047/player_thumb.jpg,2013-06-21,takigawa mizuho,CUBE 
フェティッシュ宥佚vol.45,http://en.heydouga.com/moviepages/4033/045/index.html,http://image01.heydouga.com/contents/4033/045/player_thumb.jpg,2013-04-22,aoyamarika,CUBE 
フェティッシュ宥佚vol.43,http://en.heydouga.com/moviepages/4033/043/index.html,http://image01.heydouga.com/contents/4033/043/player_thumb.jpg,2013-01-28,sawada haruna,CUBE 
フェティッシュ宥佚vol.42,http://en.heydouga.com/moviepages/4033/042/index.html,http://image01.heydouga.com/contents/4033/042/player_thumb.jpg,2012-12-27,okamoto nozomi,CUBE 
フェティッシュ宥佚vol.41,http://en.heydouga.com/moviepages/4033/041/index.html,http://image01.heydouga.com/contents/4033/041/player_thumb.jpg,2012-11-23,yosizawa rena,CUBE 
フェティッシュ宥佚vol.40,http://en.heydouga.com/moviepages/4033/040/index.html,http://image01.heydouga.com/contents/4033/040/player_thumb.jpg,2012-10-30,yamamotohiroko,CUBE 
フェティッシュ宥佚vol.39,http://en.heydouga.com/moviepages/4033/039/index.html,http://image01.heydouga.com/contents/4033/039/player_thumb.jpg,2012-09-25,yamasita asuka,CUBE 
フェティッシュ宥佚vol.38,http://en.heydouga.com/moviepages/4033/038/index.html,http://image01.heydouga.com/contents/4033/038/player_thumb.jpg,2012-08-25,satomimari,CUBE 
フェティッシュ宥佚vol.37,http://en.heydouga.com/moviepages/4033/037/index.html,http://image01.heydouga.com/contents/4033/037/player_thumb.jpg,2012-07-24,okamoto nozomi,CUBE 
フェティッシュ宥佚vol.36,http://en.heydouga.com/moviepages/4033/036/index.html,http://image01.heydouga.com/contents/4033/036/player_thumb.jpg,2012-06-22,kitajimayui,CUBE 
フェティッシュ宥佚vol.35,http://en.heydouga.com/moviepages/4033/035/index.html,http://image01.heydouga.com/contents/4033/035/player_thumb.jpg,2012-05-22,abe minami,CUBE 
フェティッシュ宥佚vol.34,http://en.heydouga.com/moviepages/4033/034/index.html,http://image01.heydouga.com/contents/4033/034/player_thumb.jpg,2012-04-25,takigawamizuho,CUBE 
フェティッシュ宥佚vol.33,http://en.heydouga.com/moviepages/4033/033/index.html,http://image01.heydouga.com/contents/4033/033/player_thumb.jpg,2012-03-22,kanzakirumi,CUBE 
フェティッシュ宥佚vol.32,http://en.heydouga.com/moviepages/4033/032/index.html,http://image01.heydouga.com/contents/4033/032/player_thumb.jpg,2012-02-18,yosizawarena,CUBE 
フェティッシュ宥佚vol.31,http://en.heydouga.com/moviepages/4033/031/index.html,http://image01.heydouga.com/contents/4033/031/player_thumb.jpg,2012-01-23,hayami azusa,CUBE 
フェティッシュ宥佚vol.30,http://en.heydouga.com/moviepages/4033/030/index.html,http://image01.heydouga.com/contents/4033/030/player_thumb.jpg,2011-12-18,satomimari,CUBE 
フェティッシュ宥佚vol.29,http://en.heydouga.com/moviepages/4033/029/index.html,http://image01.heydouga.com/contents/4033/029/player_thumb.jpg,2011-11-26,yamasita asuka,CUBE 
フェティッシュ宥佚CUBEvol.58,http://en.heydouga.com/moviepages/4033/058/index.html,http://image01.heydouga.com/contents/4033/058/player_thumb.jpg,2017-01-03,aoyamarika,CUBE 
フェティッシュ宥佚vol.57,http://en.heydouga.com/moviepages/4033/057/index.html,http://image01.heydouga.com/contents/4033/057/player_thumb.jpg,2015-12-30,okamotonozomi,CUBE 
フェティッシュ宥佚vol.54,http://en.heydouga.com/moviepages/4033/054/index.html,http://image01.heydouga.com/contents/4033/054/player_thumb.jpg,2014-12-24,aoyama rika,CUBE 
フェティッシュ宥佚vol.53,http://en.heydouga.com/moviepages/4033/053/index.html,http://image01.heydouga.com/contents/4033/053/player_thumb.jpg,2014-09-23,yosizawaiori,CUBE 
フェティッシュ宥佚vol.51,http://en.heydouga.com/moviepages/4033/051/index.html,http://image01.heydouga.com/contents/4033/051/player_thumb.jpg,2014-03-15,satomi mari,CUBE 
フェティッシュ宥佚vol.49,http://en.heydouga.com/moviepages/4033/049/index.html,http://image01.heydouga.com/contents/4033/049/player_thumb.jpg,2013-10-26,kitajima yui,CUBE 
フェティッシュ宥佚vol.48,http://en.heydouga.com/moviepages/4033/048/index.html,http://image01.heydouga.com/contents/4033/048/player_thumb.jpg,2013-08-20,yosizawa iori,CUBE 
フェティッシュ宥佚vol.47,http://en.heydouga.com/moviepages/4033/047/index.html,http://image01.heydouga.com/contents/4033/047/player_thumb.jpg,2013-06-21,takigawa mizuho,CUBE 
フェティッシュ宥佚vol.45,http://en.heydouga.com/moviepages/4033/045/index.html,http://image01.heydouga.com/contents/4033/045/player_thumb.jpg,2013-04-22,aoyamarika,CUBE 
フェティッシュ宥佚vol.43,http://en.heydouga.com/moviepages/4033/043/index.html,http://image01.heydouga.com/contents/4033/043/player_thumb.jpg,2013-01-28,sawada haruna,CUBE 
フェティッシュ宥佚vol.42,http://en.heydouga.com/moviepages/4033/042/index.html,http://image01.heydouga.com/contents/4033/042/player_thumb.jpg,2012-12-27,okamoto nozomi,CUBE 
フェティッシュ宥佚vol.41,http://en.heydouga.com/moviepages/4033/041/index.html,http://image01.heydouga.com/contents/4033/041/player_thumb.jpg,2012-11-23,yosizawa rena,CUBE 
フェティッシュ宥佚vol.40,http://en.heydouga.com/moviepages/4033/040/index.html,http://image01.heydouga.com/contents/4033/040/player_thumb.jpg,2012-10-30,yamamotohiroko,CUBE 
フェティッシュ宥佚vol.39,http://en.heydouga.com/moviepages/4033/039/index.html,http://image01.heydouga.com/contents/4033/039/player_thumb.jpg,2012-09-25,yamasita asuka,CUBE 
フェティッシュ宥佚vol.38,http://en.heydouga.com/moviepages/4033/038/index.html,http://image01.heydouga.com/contents/4033/038/player_thumb.jpg,2012-08-25,satomimari,CUBE 
フェティッシュ宥佚vol.37,http://en.heydouga.com/moviepages/4033/037/index.html,http://image01.heydouga.com/contents/4033/037/player_thumb.jpg,2012-07-24,okamoto nozomi,CUBE 
フェティッシュ宥佚vol.36,http://en.heydouga.com/moviepages/4033/036/index.html,http://image01.heydouga.com/contents/4033/036/player_thumb.jpg,2012-06-22,kitajimayui,CUBE 
フェティッシュ宥佚vol.35,http://en.heydouga.com/moviepages/4033/035/index.html,http://image01.heydouga.com/contents/4033/035/player_thumb.jpg,2012-05-22,abe minami,CUBE 
フェティッシュ宥佚vol.34,http://en.heydouga.com/moviepages/4033/034/index.html,http://image01.heydouga.com/contents/4033/034/player_thumb.jpg,2012-04-25,takigawamizuho,CUBE 
フェティッシュ宥佚vol.33,http://en.heydouga.com/moviepages/4033/033/index.html,http://image01.heydouga.com/contents/4033/033/player_thumb.jpg,2012-03-22,kanzakirumi,CUBE 
フェティッシュ宥佚vol.32,http://en.heydouga.com/moviepages/4033/032/index.html,http://image01.heydouga.com/contents/4033/032/player_thumb.jpg,2012-02-18,yosizawarena,CUBE 
フェティッシュ宥佚vol.31,http://en.heydouga.com/moviepages/4033/031/index.html,http://image01.heydouga.com/contents/4033/031/player_thumb.jpg,2012-01-23,hayami azusa,CUBE 
フェティッシュ宥佚vol.30,http://en.heydouga.com/moviepages/4033/030/index.html,http://image01.heydouga.com/contents/4033/030/player_thumb.jpg,2011-12-18,satomimari,CUBE 
