【ガチん娘！ 2期】 ghガチ面接165、166,http://en.heydouga.com/moviepages/4037/375/index.html,http://image01.heydouga.com/contents/4037/375/player_thumb.jpg,2018-03-15,"MIREI, RINNE",gachinco 
【ガチん娘！ 2期】 エッチな日常122／ghガチ面接164,http://en.heydouga.com/moviepages/4037/374/index.html,http://image01.heydouga.com/contents/4037/374/player_thumb.jpg,2018-03-09,"MOMOKO, MIRAI",gachinco 
【ガチん娘！ 2期】 ghガチ面接163,http://en.heydouga.com/moviepages/4037/373/index.html,http://image01.heydouga.com/contents/4037/373/player_thumb.jpg,2018-03-02,HARUKA,gachinco 
【ガチん娘！ 2期】 ghガチ面接162,http://en.heydouga.com/moviepages/4037/372/index.html,http://image01.heydouga.com/contents/4037/372/player_thumb.jpg,2018-02-23,YURIKA,gachinco 
マンコレ特大号　Part11,http://en.heydouga.com/moviepages/4037/371/index.html,http://image01.heydouga.com/contents/4037/371/player_thumb.jpg,2018-02-16,Haruka and others,gachinco 
【ガチん娘！ 2期】 ghガチ面接160、161,http://en.heydouga.com/moviepages/4037/370/index.html,http://image01.heydouga.com/contents/4037/370/player_thumb.jpg,2018-02-09,Chiho and Maya,gachinco 
【ガチん娘！ 2期】 GRMF地{_6／素人生撮りファイル124,http://en.heydouga.com/moviepages/4037/369/index.html,http://image01.heydouga.com/contents/4037/369/player_thumb.jpg,2018-02-03,AKIHO and MINORI,gachinco 
【ガチん娘！ 2期】 GRMF地{_5／素人生撮りファイル123,http://en.heydouga.com/moviepages/4037/368/index.html,http://image01.heydouga.com/contents/4037/368/player_thumb.jpg,2018-01-26,"Marina, Natsuki",gachinco 
【ガチん娘！ 2期】 ghガチ面接159,http://en.heydouga.com/moviepages/4037/367/index.html,http://image01.heydouga.com/contents/4037/367/player_thumb.jpg,2018-01-20,NANAO,gachinco 
【ガチん娘！ 2期】 ghガチ面接158,http://en.heydouga.com/moviepages/4037/366/index.html,http://image01.heydouga.com/contents/4037/366/player_thumb.jpg,2018-01-12,JUNNA,gachinco 
【ガチん娘！ 2期】 ghガチ面接156、157,http://en.heydouga.com/moviepages/4037/365/index.html,http://image01.heydouga.com/contents/4037/365/player_thumb.jpg,2018-01-03,KAREN,gachinco 
THE KANCHOOOOOO!!!!!!　スペシャルエディション15,http://en.heydouga.com/moviepages/4037/364/index.html,http://image01.heydouga.com/contents/4037/364/player_thumb.jpg,2017-12-28,NANAO and others,gachinco 
【ガチん娘！ 2期】 ghガチ面接155,http://en.heydouga.com/moviepages/4037/363/index.html,http://image01.heydouga.com/contents/4037/363/player_thumb.jpg,2017-12-23,SAORI,gachinco 
【ガチん娘！ 2期】 アナルを捧げる女39,http://en.heydouga.com/moviepages/4037/362/index.html,http://image01.heydouga.com/contents/4037/362/player_thumb.jpg,2017-12-15,SACHIKO,gachinco 
【ガチん娘！ 2期】 GRMF地{_ Vol.2,http://en.heydouga.com/moviepages/4037/361/index.html,http://image01.heydouga.com/contents/4037/361/player_thumb.jpg,2017-12-09,"MOMOKO, AYAME",gachinco 
【ガチん娘！ 2期】 GRMF地{_ Vol.1,http://en.heydouga.com/moviepages/4037/360/index.html,http://image01.heydouga.com/contents/4037/360/player_thumb.jpg,2017-12-02,"MAYUKI, YUA",gachinco 
【ガチん娘！ 2期】 ghガチ面接154,http://en.heydouga.com/moviepages/4037/359/index.html,http://image01.heydouga.com/contents/4037/359/player_thumb.jpg,2017-11-25,REIKA,gachinco 
【ガチん娘！ 2期】 ghガチ面接153,http://en.heydouga.com/moviepages/4037/358/index.html,http://image01.heydouga.com/contents/4037/358/player_thumb.jpg,2017-11-17,HARUKA,gachinco 
【ガチん娘！ 2期】 ghガチ面接152,http://en.heydouga.com/moviepages/4037/357/index.html,http://image01.heydouga.com/contents/4037/357/player_thumb.jpg,2017-11-11,MIO,gachinco 
【ガチん娘！ 2期】 ghガチ面接151,http://en.heydouga.com/moviepages/4037/356/index.html,http://image01.heydouga.com/contents/4037/356/player_thumb.jpg,2017-11-10,RAN,gachinco 
【ガチん娘！ 2期】 ghガチ面接150,http://en.heydouga.com/moviepages/4037/355/index.html,http://image01.heydouga.com/contents/4037/355/player_thumb.jpg,2017-11-09,NANAO,gachinco 
ガチンコ中出し20rgスペシャル　Part8,http://en.heydouga.com/moviepages/4037/354/index.html,http://image01.heydouga.com/contents/4037/354/player_thumb.jpg,2017-10-20,YUU and others,gachinco 
アナルを捧げる女　スペシャルパック Vol.3,http://en.heydouga.com/moviepages/4037/353/index.html,http://image01.heydouga.com/contents/4037/353/player_thumb.jpg,2017-10-13,AI and others,gachinco 
