オッパイ天国　O上147分,http://en.heydouga.com/moviepages/4146/183/index.html,http://image01.heydouga.com/contents/4146/183/player_thumb.jpg,2016-07-13,Riona,Gachihame Kiwami 
【ガチハメスペシャル】国宝Iカップ美巨乳ギャル　明日香　スペシャル113分,http://en.heydouga.com/moviepages/4146/182/index.html,http://image01.heydouga.com/contents/4146/182/player_thumb.jpg,2016-05-07,Asuka,Gachihame Kiwami 
【ガチハメスペシャル】美巨乳ギャル　秋川みなみ　_Iデ`トファック　スペシャル　87分,http://en.heydouga.com/moviepages/4146/181/index.html,http://image01.heydouga.com/contents/4146/181/player_thumb.jpg,2016-05-03,Minami Akikawa,Gachihame Kiwami 
【ガチハメスペシャル】プリ美巨乳　金子きいとお泊まりデ`トスペシャル129分,http://en.heydouga.com/moviepages/4146/180/index.html,http://image01.heydouga.com/contents/4146/180/player_thumb.jpg,2016-04-29,Ki Kaneko,Gachihame Kiwami 
【ガチハメスペシャル】温泉美人妹　かおる＆ゆい　乱交　スペシャル105分,http://en.heydouga.com/moviepages/4146/179/index.html,http://image01.heydouga.com/contents/4146/179/player_thumb.jpg,2016-04-26,Yui & Kaoru,Gachihame Kiwami 
【ガチハメスペシャル】イラマ大好き　永乳首女　麻央　スペシャル95分,http://en.heydouga.com/moviepages/4146/178/index.html,http://image01.heydouga.com/contents/4146/178/player_thumb.jpg,2016-04-22,Mao,Gachihame Kiwami 
【ガチハメスペシャル】キツマンおねだり上手娘　りんこ　スペシャル95分,http://en.heydouga.com/moviepages/4146/177/index.html,http://image01.heydouga.com/contents/4146/177/player_thumb.jpg,2016-04-12,Rinko,Gachihame Kiwami 
【ガチハメスペシャル】パイパン筋マンSEX大好き女子大生　はるか　スペシャル103分,http://en.heydouga.com/moviepages/4146/176/index.html,http://image01.heydouga.com/contents/4146/176/player_thumb.jpg,2016-04-07,Haruka,Gachihame Kiwami 
【ガチハメスペシャル】ロリのくせに超好き者　まなみ　スペシャル93分,http://en.heydouga.com/moviepages/4146/175/index.html,http://image01.heydouga.com/contents/4146/175/player_thumb.jpg,2016-04-01,Manami,Gachihame Kiwami 
【ガチハメスペシャル】人最のビラマン娘　しょうこ　スペシャル114分,http://en.heydouga.com/moviepages/4146/174/index.html,http://image01.heydouga.com/contents/4146/174/player_thumb.jpg,2016-03-19,Shoko,Gachihame Kiwami 
【ガチハメスペシャル】マ大好きドエロ娘　あやや　スペシャル114分,http://en.heydouga.com/moviepages/4146/173/index.html,http://image01.heydouga.com/contents/4146/173/player_thumb.jpg,2016-03-15,Ayaya,Gachihame Kiwami 
【ガチハメスペシャル】究OのO上素人娘　まどか　スペシャル108分,http://en.heydouga.com/moviepages/4146/172/index.html,http://image01.heydouga.com/contents/4146/172/player_thumb.jpg,2016-03-12,Madoka,Gachihame Kiwami 
【ガチハメスペシャル】大潮吹きドエロ娘　ロシアン真子スペシャル100分,http://en.heydouga.com/moviepages/4146/171/index.html,http://image01.heydouga.com/contents/4146/171/player_thumb.jpg,2016-03-09,Mako,Gachihame Kiwami 
【ガチハメスペシャル】デカクリ人荬韦欷いちゃんスペシャル105分,http://en.heydouga.com/moviepages/4146/170/index.html,http://image01.heydouga.com/contents/4146/170/player_thumb.jpg,2016-03-05,Reika,Gachihame Kiwami 
【ガチハメスペシャル】フェラ美人の浜ッコ　奈津子　スペシャル123分,http://en.heydouga.com/moviepages/4146/169/index.html,http://image01.heydouga.com/contents/4146/169/player_thumb.jpg,2016-03-01,Natsuko,Gachihame Kiwami 
【ガチハメスペシャル】八重nのかわいいM娘　なおこ　スペシャル114分,http://en.heydouga.com/moviepages/4146/168/index.html,http://image01.heydouga.com/contents/4146/168/player_thumb.jpg,2016-02-26,Naoko,Gachihame Kiwami 
【ガチハメスペシャル】究Oの美尻娘　ほのか　スペシャル115分,http://en.heydouga.com/moviepages/4146/167/index.html,http://image01.heydouga.com/contents/4146/167/player_thumb.jpg,2016-02-24,Honoka,Gachihame Kiwami 
【ガチハメスペシャル】モデルKのナイスバディ　こころちゃん　スペシャル104分,http://en.heydouga.com/moviepages/4146/166/index.html,http://image01.heydouga.com/contents/4146/166/player_thumb.jpg,2016-02-18,Kokoro,Gachihame Kiwami 
【ガチハメスペシャル】奇Eのマンコをもつ最素人　ゆいちゃん　スペシャル118分,http://en.heydouga.com/moviepages/4146/165/index.html,http://image01.heydouga.com/contents/4146/165/player_thumb.jpg,2016-02-11,Yui,Gachihame Kiwami 
【ガチハメスペシャル】蛸廿ャバ荨ˉゲハ113分,http://en.heydouga.com/moviepages/4146/163/index.html,http://image01.heydouga.com/contents/4146/163/player_thumb.jpg,2016-02-09,Ageha,Gachihame Kiwami 
【ガチハメスペシャル】デカクリおねだり上手娘　　ゆうか117分,http://en.heydouga.com/moviepages/4146/164/index.html,http://image01.heydouga.com/contents/4146/164/player_thumb.jpg,2016-02-06,Yuka,Gachihame Kiwami 
【ガチハメスペシャル】伽荬尸F役iモ　せりか　スペシャル113分,http://en.heydouga.com/moviepages/4146/162/index.html,http://image01.heydouga.com/contents/4146/162/player_thumb.jpg,2016-02-02,Cerica,Gachihame Kiwami 
