原川 美知,http://en.heydouga.com/moviepages/4001/ppv-ori1627/index.html,http://image01.heydouga.com/contents/4001/ppv-ori1627/player_thumb.jpg,2017-09-16,Michiru Harakawa,h4610.com （ Official Site ）
r森 あゆみ,http://en.heydouga.com/moviepages/4001/ppv-ki170902/index.html,http://image01.heydouga.com/contents/4001/ppv-ki170902/player_thumb.jpg,2017-09-02,Ayumi Hinamori,h4610.com （ Official Site ）
高江 裕奈,http://en.heydouga.com/moviepages/4001/ppv-ori1626/index.html,http://image01.heydouga.com/contents/4001/ppv-ori1626/player_thumb.jpg,2017-08-26,Hirona Takae,h4610.com （ Official Site ）
横川 瑛子,http://en.heydouga.com/moviepages/4001/ppv-ori1625/index.html,http://image01.heydouga.com/contents/4001/ppv-ori1625/player_thumb.jpg,2017-08-19,Eiko Yokokawa,h4610.com （ Official Site ）
}@ 香奈{,http://en.heydouga.com/moviepages/4001/ppv-ori1624/index.html,http://image01.heydouga.com/contents/4001/ppv-ori1624/player_thumb.jpg,2017-08-10,Kanami Kurazono,h4610.com （ Official Site ）
今西 日名子,http://en.heydouga.com/moviepages/4001/ppv-pla0096/index.html,http://image01.heydouga.com/contents/4001/ppv-pla0096/player_thumb.jpg,2017-08-10,Hinako Imanishi,h4610.com （ Official Site ）
三原 雅,http://en.heydouga.com/moviepages/4001/ppv-ori1623/index.html,http://image01.heydouga.com/contents/4001/ppv-ori1623/player_thumb.jpg,2017-08-05,Miyabi Mihara,h4610.com （ Official Site ）
阪井 まなか,http://en.heydouga.com/moviepages/4001/ppv-ori1622/index.html,http://image01.heydouga.com/contents/4001/ppv-ori1622/player_thumb.jpg,2017-07-29,Manaka Sakai,h4610.com （ Official Site ）
三宅 千香,http://en.heydouga.com/moviepages/4001/ppv-ori1621/index.html,http://image01.heydouga.com/contents/4001/ppv-ori1621/player_thumb.jpg,2017-07-22,Chika Miyake,h4610.com （ Official Site ）
今西 日名子,http://en.heydouga.com/moviepages/4001/ppv-pla0095/index.html,http://image01.heydouga.com/contents/4001/ppv-pla0095/player_thumb.jpg,2017-07-15,Hinako Imanishi,h4610.com （ Official Site ）
}@ 香奈{,http://en.heydouga.com/moviepages/4001/ppv-ori1619/index.html,http://image01.heydouga.com/contents/4001/ppv-ori1619/player_thumb.jpg,2017-07-01,Kanami Kurazono,h4610.com （ Official Site ）
阪井 まなか,http://en.heydouga.com/moviepages/4001/ppv-ori1618/index.html,http://image01.heydouga.com/contents/4001/ppv-ori1618/player_thumb.jpg,2017-06-24,Manaka Sakai,h4610.com （ Official Site ）
三宅 千香,http://en.heydouga.com/moviepages/4001/ppv-ori1617/index.html,http://image01.heydouga.com/contents/4001/ppv-ori1617/player_thumb.jpg,2017-06-17,Chika Miyake,h4610.com （ Official Site ）
~月 美加子,http://en.heydouga.com/moviepages/4001/ppv-gol185/index.html,http://image01.heydouga.com/contents/4001/ppv-gol185/player_thumb.jpg,2017-06-10,Mikako Hazuki,h4610.com （ Official Site ）
今西 日名子,http://en.heydouga.com/moviepages/4001/ppv-pla0094/index.html,http://image01.heydouga.com/contents/4001/ppv-pla0094/player_thumb.jpg,2017-06-03,Hinako Imanishi,h4610.com （ Official Site ）
高尾 麻李,http://en.heydouga.com/moviepages/4001/ppv-ori1616/index.html,http://image01.heydouga.com/contents/4001/ppv-ori1616/player_thumb.jpg,2017-05-27,Mari Takao,h4610.com （ Official Site ）
三原 雅,http://en.heydouga.com/moviepages/4001/ppv-ori1615/index.html,http://image01.heydouga.com/contents/4001/ppv-ori1615/player_thumb.jpg,2017-05-20,Yui Mihara,h4610.com （ Official Site ）
三宅 千香,http://en.heydouga.com/moviepages/4001/ppv-ori1614/index.html,http://image01.heydouga.com/contents/4001/ppv-ori1614/player_thumb.jpg,2017-05-13,Chika Miyake,h4610.com （ Official Site ）
三原 雅,http://en.heydouga.com/moviepages/4001/ppv-ori1613/index.html,http://image01.heydouga.com/contents/4001/ppv-ori1613/player_thumb.jpg,2017-05-02,Miyabi Mihara,h4610.com （ Official Site ）
今西 日名子,http://en.heydouga.com/moviepages/4001/ppv-pla0093/index.html,http://image01.heydouga.com/contents/4001/ppv-pla0093/player_thumb.jpg,2017-05-02,Hinako Imanishi,h4610.com （ Official Site ）
~月 美加子,http://en.heydouga.com/moviepages/4001/ppv-gol184/index.html,http://image01.heydouga.com/contents/4001/ppv-gol184/player_thumb.jpg,2017-04-28,Mikako Hazuki,h4610.com （ Official Site ）
高尾 麻李,http://en.heydouga.com/moviepages/4001/ppv-ori1612/index.html,http://image01.heydouga.com/contents/4001/ppv-ori1612/player_thumb.jpg,2017-04-15,Mari Takao,h4610.com （ Official Site ）
水原 ゆめ,http://en.heydouga.com/moviepages/4001/ppv-ori1611/index.html,http://image01.heydouga.com/contents/4001/ppv-ori1611/player_thumb.jpg,2017-04-07,Yume Mizuhara,h4610.com （ Official Site ）
茂野 美嘉,http://en.heydouga.com/moviepages/4001/ppv-pla0092/index.html,http://image01.heydouga.com/contents/4001/ppv-pla0092/player_thumb.jpg,2017-03-31,Mika Shigeno,h4610.com （ Official Site ）
原川 美知,http://en.heydouga.com/moviepages/4001/ppv-ori1627/index.html,http://image01.heydouga.com/contents/4001/ppv-ori1627/player_thumb.jpg,2017-09-16,Michiru Harakawa,h4610.com （ Official Site ）
r森 あゆみ,http://en.heydouga.com/moviepages/4001/ppv-ki170902/index.html,http://image01.heydouga.com/contents/4001/ppv-ki170902/player_thumb.jpg,2017-09-02,Ayumi Hinamori,h4610.com （ Official Site ）
高江 裕奈,http://en.heydouga.com/moviepages/4001/ppv-ori1626/index.html,http://image01.heydouga.com/contents/4001/ppv-ori1626/player_thumb.jpg,2017-08-26,Hirona Takae,h4610.com （ Official Site ）
横川 瑛子,http://en.heydouga.com/moviepages/4001/ppv-ori1625/index.html,http://image01.heydouga.com/contents/4001/ppv-ori1625/player_thumb.jpg,2017-08-19,Eiko Yokokawa,h4610.com （ Official Site ）
}@ 香奈{,http://en.heydouga.com/moviepages/4001/ppv-ori1624/index.html,http://image01.heydouga.com/contents/4001/ppv-ori1624/player_thumb.jpg,2017-08-10,Kanami Kurazono,h4610.com （ Official Site ）
今西 日名子,http://en.heydouga.com/moviepages/4001/ppv-pla0096/index.html,http://image01.heydouga.com/contents/4001/ppv-pla0096/player_thumb.jpg,2017-08-10,Hinako Imanishi,h4610.com （ Official Site ）
三原 雅,http://en.heydouga.com/moviepages/4001/ppv-ori1623/index.html,http://image01.heydouga.com/contents/4001/ppv-ori1623/player_thumb.jpg,2017-08-05,Miyabi Mihara,h4610.com （ Official Site ）
阪井 まなか,http://en.heydouga.com/moviepages/4001/ppv-ori1622/index.html,http://image01.heydouga.com/contents/4001/ppv-ori1622/player_thumb.jpg,2017-07-29,Manaka Sakai,h4610.com （ Official Site ）
三宅 千香,http://en.heydouga.com/moviepages/4001/ppv-ori1621/index.html,http://image01.heydouga.com/contents/4001/ppv-ori1621/player_thumb.jpg,2017-07-22,Chika Miyake,h4610.com （ Official Site ）
今西 日名子,http://en.heydouga.com/moviepages/4001/ppv-pla0095/index.html,http://image01.heydouga.com/contents/4001/ppv-pla0095/player_thumb.jpg,2017-07-15,Hinako Imanishi,h4610.com （ Official Site ）
}@ 香奈{,http://en.heydouga.com/moviepages/4001/ppv-ori1619/index.html,http://image01.heydouga.com/contents/4001/ppv-ori1619/player_thumb.jpg,2017-07-01,Kanami Kurazono,h4610.com （ Official Site ）
阪井 まなか,http://en.heydouga.com/moviepages/4001/ppv-ori1618/index.html,http://image01.heydouga.com/contents/4001/ppv-ori1618/player_thumb.jpg,2017-06-24,Manaka Sakai,h4610.com （ Official Site ）
三宅 千香,http://en.heydouga.com/moviepages/4001/ppv-ori1617/index.html,http://image01.heydouga.com/contents/4001/ppv-ori1617/player_thumb.jpg,2017-06-17,Chika Miyake,h4610.com （ Official Site ）
~月 美加子,http://en.heydouga.com/moviepages/4001/ppv-gol185/index.html,http://image01.heydouga.com/contents/4001/ppv-gol185/player_thumb.jpg,2017-06-10,Mikako Hazuki,h4610.com （ Official Site ）
今西 日名子,http://en.heydouga.com/moviepages/4001/ppv-pla0094/index.html,http://image01.heydouga.com/contents/4001/ppv-pla0094/player_thumb.jpg,2017-06-03,Hinako Imanishi,h4610.com （ Official Site ）
高尾 麻李,http://en.heydouga.com/moviepages/4001/ppv-ori1616/index.html,http://image01.heydouga.com/contents/4001/ppv-ori1616/player_thumb.jpg,2017-05-27,Mari Takao,h4610.com （ Official Site ）
三原 雅,http://en.heydouga.com/moviepages/4001/ppv-ori1615/index.html,http://image01.heydouga.com/contents/4001/ppv-ori1615/player_thumb.jpg,2017-05-20,Yui Mihara,h4610.com （ Official Site ）
