ハメっぱなしの不旅行02,http://en.heydouga.com/moviepages/4099/035/index.html,http://image01.heydouga.com/contents/4099/035/player_thumb.jpg,2018-03-07,higashida,Kanjukutsubo 
素人のハメ撮り[びが流失006,http://en.heydouga.com/moviepages/4099/034/index.html,http://image01.heydouga.com/contents/4099/034/player_thumb.jpg,2018-03-02,higashida,Kanjukutsubo 
や公@でSEX,http://en.heydouga.com/moviepages/4099/033/index.html,http://image01.heydouga.com/contents/4099/033/player_thumb.jpg,2018-02-14,higashida,Kanjukutsubo 
 素人のハメ撮り[びが流失005,http://en.heydouga.com/moviepages/4099/032/index.html,http://image01.heydouga.com/contents/4099/032/player_thumb.jpg,2018-02-01,higashida,Kanjukutsubo 
素人のハメ撮り[びが流失004,http://en.heydouga.com/moviepages/4099/031/index.html,http://image01.heydouga.com/contents/4099/031/player_thumb.jpg,2018-01-03,higashida ,Kanjukutsubo 
ハメっぱなしの不旅行,http://en.heydouga.com/moviepages/4099/030/index.html,http://image01.heydouga.com/contents/4099/030/player_thumb.jpg,2017-12-21,higashida,Kanjukutsubo 
素人のハメ撮り[びが流失003,http://en.heydouga.com/moviepages/4099/029/index.html,http://image01.heydouga.com/contents/4099/029/player_thumb.jpg,2016-06-07,higashida ,Kanjukutsubo 
素人のハメ撮り[びが流失002,http://en.heydouga.com/moviepages/4099/028/index.html,http://image01.heydouga.com/contents/4099/028/player_thumb.jpg,2016-05-31,miharu,Kanjukutsubo 
俺の彼女をQて!,http://en.heydouga.com/moviepages/4099/027/index.html,http://image01.heydouga.com/contents/4099/027/player_thumb.jpg,2016-01-23,reiko,Kanjukutsubo 
民家盗撮,http://en.heydouga.com/moviepages/4099/026/index.html,http://image01.heydouga.com/contents/4099/026/player_thumb.jpg,2015-12-12,syouko,Kanjukutsubo 
ボツになったＡＶ作品02,http://en.heydouga.com/moviepages/4099/025/index.html,http://image01.heydouga.com/contents/4099/025/player_thumb.jpg,2015-11-03,rio,Kanjukutsubo 
カ`セックス内wで流出,http://en.heydouga.com/moviepages/4099/024/index.html,http://image01.heydouga.com/contents/4099/024/player_thumb.jpg,2015-10-24,miki,Kanjukutsubo 
バ`スタッフの盗撮流出4,http://en.heydouga.com/moviepages/4099/023/index.html,http://image01.heydouga.com/contents/4099/023/player_thumb.jpg,2015-09-25,ryouka,Kanjukutsubo 
ボツになったＡＶ作品01,http://en.heydouga.com/moviepages/4099/022/index.html,http://image01.heydouga.com/contents/4099/022/player_thumb.jpg,2015-09-22,aki,Kanjukutsubo 
ラブホ盗撮,http://en.heydouga.com/moviepages/4099/021/index.html,http://image01.heydouga.com/contents/4099/021/player_thumb.jpg,2015-09-15,miharu,Kanjukutsubo 
素人のハメ撮り[びが流失001,http://en.heydouga.com/moviepages/4099/020/index.html,http://image01.heydouga.com/contents/4099/020/player_thumb.jpg,2015-08-28,miharu,Kanjukutsubo 
バ`スタッフの盗撮流出3,http://en.heydouga.com/moviepages/4099/019/index.html,http://image01.heydouga.com/contents/4099/019/player_thumb.jpg,2015-07-15,minori,Kanjukutsubo 
素人流出,http://en.heydouga.com/moviepages/4099/018/index.html,http://image01.heydouga.com/contents/4099/018/player_thumb.jpg,2015-05-23,miharu,Kanjukutsubo 
易トイレ盗撮01,http://en.heydouga.com/moviepages/4099/017/index.html,http://image01.heydouga.com/contents/4099/017/player_thumb.jpg,2015-04-15,"asuka,minori,tiharu",Kanjukutsubo 
バ`スタッフの盗撮流出,http://en.heydouga.com/moviepages/4099/016/index.html,http://image01.heydouga.com/contents/4099/016/player_thumb.jpg,2015-04-08,naomi,Kanjukutsubo 
流出　素人盗撮,http://en.heydouga.com/moviepages/4099/015/index.html,http://image01.heydouga.com/contents/4099/015/player_thumb.jpg,2015-04-03,miharu,Kanjukutsubo 
露出寄行03,http://en.heydouga.com/moviepages/4099/014/index.html,http://image01.heydouga.com/contents/4099/014/player_thumb.jpg,2015-04-01,ryouka,Kanjukutsubo 
カップル盗撮,http://en.heydouga.com/moviepages/4099/013/index.html,http://image01.heydouga.com/contents/4099/013/player_thumb.jpg,2015-03-27,takako,Kanjukutsubo 
ヌ`ドエアロビクス,http://en.heydouga.com/moviepages/4099/012/index.html,http://image01.heydouga.com/contents/4099/012/player_thumb.jpg,2014-12-04,Ａｉ　Ｓａｋａｅ,Kanjukutsubo 
ハメっぱなしの不旅行02,http://en.heydouga.com/moviepages/4099/035/index.html,http://image01.heydouga.com/contents/4099/035/player_thumb.jpg,2018-03-07,higashida,Kanjukutsubo 
素人のハメ撮り[びが流失006,http://en.heydouga.com/moviepages/4099/034/index.html,http://image01.heydouga.com/contents/4099/034/player_thumb.jpg,2018-03-02,higashida,Kanjukutsubo 
や公@でSEX,http://en.heydouga.com/moviepages/4099/033/index.html,http://image01.heydouga.com/contents/4099/033/player_thumb.jpg,2018-02-14,higashida,Kanjukutsubo 
 素人のハメ撮り[びが流失005,http://en.heydouga.com/moviepages/4099/032/index.html,http://image01.heydouga.com/contents/4099/032/player_thumb.jpg,2018-02-01,higashida,Kanjukutsubo 
素人のハメ撮り[びが流失004,http://en.heydouga.com/moviepages/4099/031/index.html,http://image01.heydouga.com/contents/4099/031/player_thumb.jpg,2018-01-03,higashida ,Kanjukutsubo 
ハメっぱなしの不旅行,http://en.heydouga.com/moviepages/4099/030/index.html,http://image01.heydouga.com/contents/4099/030/player_thumb.jpg,2017-12-21,higashida,Kanjukutsubo 
素人のハメ撮り[びが流失003,http://en.heydouga.com/moviepages/4099/029/index.html,http://image01.heydouga.com/contents/4099/029/player_thumb.jpg,2016-06-07,higashida ,Kanjukutsubo 
素人のハメ撮り[びが流失002,http://en.heydouga.com/moviepages/4099/028/index.html,http://image01.heydouga.com/contents/4099/028/player_thumb.jpg,2016-05-31,miharu,Kanjukutsubo 
俺の彼女をQて!,http://en.heydouga.com/moviepages/4099/027/index.html,http://image01.heydouga.com/contents/4099/027/player_thumb.jpg,2016-01-23,reiko,Kanjukutsubo 
民家盗撮,http://en.heydouga.com/moviepages/4099/026/index.html,http://image01.heydouga.com/contents/4099/026/player_thumb.jpg,2015-12-12,syouko,Kanjukutsubo 
ボツになったＡＶ作品02,http://en.heydouga.com/moviepages/4099/025/index.html,http://image01.heydouga.com/contents/4099/025/player_thumb.jpg,2015-11-03,rio,Kanjukutsubo 
カ`セックス内wで流出,http://en.heydouga.com/moviepages/4099/024/index.html,http://image01.heydouga.com/contents/4099/024/player_thumb.jpg,2015-10-24,miki,Kanjukutsubo 
バ`スタッフの盗撮流出4,http://en.heydouga.com/moviepages/4099/023/index.html,http://image01.heydouga.com/contents/4099/023/player_thumb.jpg,2015-09-25,ryouka,Kanjukutsubo 
ボツになったＡＶ作品01,http://en.heydouga.com/moviepages/4099/022/index.html,http://image01.heydouga.com/contents/4099/022/player_thumb.jpg,2015-09-22,aki,Kanjukutsubo 
ラブホ盗撮,http://en.heydouga.com/moviepages/4099/021/index.html,http://image01.heydouga.com/contents/4099/021/player_thumb.jpg,2015-09-15,miharu,Kanjukutsubo 
素人のハメ撮り[びが流失001,http://en.heydouga.com/moviepages/4099/020/index.html,http://image01.heydouga.com/contents/4099/020/player_thumb.jpg,2015-08-28,miharu,Kanjukutsubo 
バ`スタッフの盗撮流出3,http://en.heydouga.com/moviepages/4099/019/index.html,http://image01.heydouga.com/contents/4099/019/player_thumb.jpg,2015-07-15,minori,Kanjukutsubo 
素人流出,http://en.heydouga.com/moviepages/4099/018/index.html,http://image01.heydouga.com/contents/4099/018/player_thumb.jpg,2015-05-23,miharu,Kanjukutsubo 
易トイレ盗撮01,http://en.heydouga.com/moviepages/4099/017/index.html,http://image01.heydouga.com/contents/4099/017/player_thumb.jpg,2015-04-15,"asuka,minori,tiharu",Kanjukutsubo 
バ`スタッフの盗撮流出,http://en.heydouga.com/moviepages/4099/016/index.html,http://image01.heydouga.com/contents/4099/016/player_thumb.jpg,2015-04-08,naomi,Kanjukutsubo 
流出　素人盗撮,http://en.heydouga.com/moviepages/4099/015/index.html,http://image01.heydouga.com/contents/4099/015/player_thumb.jpg,2015-04-03,miharu,Kanjukutsubo 
露出寄行03,http://en.heydouga.com/moviepages/4099/014/index.html,http://image01.heydouga.com/contents/4099/014/player_thumb.jpg,2015-04-01,ryouka,Kanjukutsubo 
カップル盗撮,http://en.heydouga.com/moviepages/4099/013/index.html,http://image01.heydouga.com/contents/4099/013/player_thumb.jpg,2015-03-27,takako,Kanjukutsubo 
ヌ`ドエアロビクス,http://en.heydouga.com/moviepages/4099/012/index.html,http://image01.heydouga.com/contents/4099/012/player_thumb.jpg,2014-12-04,Ａｉ　Ｓａｋａｅ,Kanjukutsubo 
