巨乳で上着がパッツンけそう,http://en.heydouga.com/moviepages/4041/309/index.html,http://image01.heydouga.com/contents/4041/309/player_thumb.jpg,2018-03-20,Yuka,Kokan Hakusho 
元荬胜荬丹螭悉い恧螭嗜摔去ē氓沥筏皮,http://en.heydouga.com/moviepages/4041/308/index.html,http://image01.heydouga.com/contents/4041/308/player_thumb.jpg,2018-03-17,Hitomi,Kokan Hakusho 
お部屋探しています,http://en.heydouga.com/moviepages/4041/307/index.html,http://image01.heydouga.com/contents/4041/307/player_thumb.jpg,2018-03-15,Tomoka,Kokan Hakusho 
美乳娘とチョメチョメ,http://en.heydouga.com/moviepages/4041/306/index.html,http://image01.heydouga.com/contents/4041/306/player_thumb.jpg,2018-03-10,Ai,Kokan Hakusho 
}数の人とSしみたいのです,http://en.heydouga.com/moviepages/4041/304/index.html,http://image01.heydouga.com/contents/4041/304/player_thumb.jpg,2018-03-06,Ran,Kokan Hakusho 
ロケットおっぱい　巨乳と美脚にブ`ツの美人娘,http://en.heydouga.com/moviepages/4041/303/index.html,http://image01.heydouga.com/contents/4041/303/player_thumb.jpg,2018-02-24,Mirei,Kokan Hakusho 
Wタイツと白い肌,http://en.heydouga.com/moviepages/4041/302/index.html,http://image01.heydouga.com/contents/4041/302/player_thumb.jpg,2018-02-16,Remi,Kokan Hakusho 
_なおさんと,http://en.heydouga.com/moviepages/4041/301/index.html,http://image01.heydouga.com/contents/4041/301/player_thumb.jpg,2018-02-12,Reiko,Kokan Hakusho 
セクシ`な服で　知美-Vol2,http://en.heydouga.com/moviepages/4041/300/index.html,http://image01.heydouga.com/contents/4041/300/player_thumb.jpg,2018-02-10,Tomomi,Kokan Hakusho 
モジャ毛潮吹き娘とハメ撮り-Vol2,http://en.heydouga.com/moviepages/4041/299/index.html,http://image01.heydouga.com/contents/4041/299/player_thumb.jpg,2018-02-03,Syoko,Kokan Hakusho 
おいされると断れないタイプです,http://en.heydouga.com/moviepages/4041/298/index.html,http://image01.heydouga.com/contents/4041/298/player_thumb.jpg,2018-02-01,Mami,Kokan Hakusho 
ムッチリ体型とモジャ毛の女の子とハメ撮り,http://en.heydouga.com/moviepages/4041/297/index.html,http://image01.heydouga.com/contents/4041/297/player_thumb.jpg,2018-01-27,Motoko,Kokan Hakusho 
こんな治なら叭栅いします,http://en.heydouga.com/moviepages/4041/296/index.html,http://image01.heydouga.com/contents/4041/296/player_thumb.jpg,2018-01-19,Mami,Kokan Hakusho 
キャバクラ荬酥谐訾,http://en.heydouga.com/moviepages/4041/295/index.html,http://image01.heydouga.com/contents/4041/295/player_thumb.jpg,2018-01-13,Momoka,Kokan Hakusho 
美乳娘に夜@いしてみました,http://en.heydouga.com/moviepages/4041/294/index.html,http://image01.heydouga.com/contents/4041/294/player_thumb.jpg,2018-01-06,Misa,Kokan Hakusho 
美乳潮吹き女の子とのハメ撮り,http://en.heydouga.com/moviepages/4041/293/index.html,http://image01.heydouga.com/contents/4041/293/player_thumb.jpg,2018-01-04,Tomoko,Kokan Hakusho 
彼女タイプ女の子がハメ撮りに昴,http://en.heydouga.com/moviepages/4041/292/index.html,http://image01.heydouga.com/contents/4041/292/player_thumb.jpg,2017-12-29,Mika,Kokan Hakusho 
潮吹き　ハメ撮り,http://en.heydouga.com/moviepages/4041/291/index.html,http://image01.heydouga.com/contents/4041/291/player_thumb.jpg,2017-12-24,Tomomi,Kokan Hakusho 
フェラ好きです,http://en.heydouga.com/moviepages/4041/290/index.html,http://image01.heydouga.com/contents/4041/290/player_thumb.jpg,2017-12-21,Rina,Kokan Hakusho 
クリを勃起させて潮吹いちゃいってます,http://en.heydouga.com/moviepages/4041/289/index.html,http://image01.heydouga.com/contents/4041/289/player_thumb.jpg,2017-12-16,Kumiko,Kokan Hakusho 
モジャ毛潮吹き娘とハメ撮り,http://en.heydouga.com/moviepages/4041/288/index.html,http://image01.heydouga.com/contents/4041/288/player_thumb.jpg,2017-12-12,Syoko,Kokan Hakusho 
女の子もしたいrあるの、指４本で潮きました,http://en.heydouga.com/moviepages/4041/287/index.html,http://image01.heydouga.com/contents/4041/287/player_thumb.jpg,2017-12-08,Harumi,Kokan Hakusho 
特e治は如何ですか？　巨乳の看oDさんが\てくれますよ,http://en.heydouga.com/moviepages/4041/286/index.html,http://image01.heydouga.com/contents/4041/286/player_thumb.jpg,2017-12-05,Tomoko,Kokan Hakusho 
こんな治なら好いね　3Pです,http://en.heydouga.com/moviepages/4041/285/index.html,http://image01.heydouga.com/contents/4041/285/player_thumb.jpg,2017-12-02,Hiroko,Kokan Hakusho 
巨乳で上着がパッツンけそう,http://en.heydouga.com/moviepages/4041/309/index.html,http://image01.heydouga.com/contents/4041/309/player_thumb.jpg,2018-03-20,Yuka,Kokan Hakusho 
元荬胜荬丹螭悉い恧螭嗜摔去ē氓沥筏皮,http://en.heydouga.com/moviepages/4041/308/index.html,http://image01.heydouga.com/contents/4041/308/player_thumb.jpg,2018-03-17,Hitomi,Kokan Hakusho 
お部屋探しています,http://en.heydouga.com/moviepages/4041/307/index.html,http://image01.heydouga.com/contents/4041/307/player_thumb.jpg,2018-03-15,Tomoka,Kokan Hakusho 
美乳娘とチョメチョメ,http://en.heydouga.com/moviepages/4041/306/index.html,http://image01.heydouga.com/contents/4041/306/player_thumb.jpg,2018-03-10,Ai,Kokan Hakusho 
}数の人とSしみたいのです,http://en.heydouga.com/moviepages/4041/304/index.html,http://image01.heydouga.com/contents/4041/304/player_thumb.jpg,2018-03-06,Ran,Kokan Hakusho 
ロケットおっぱい　巨乳と美脚にブ`ツの美人娘,http://en.heydouga.com/moviepages/4041/303/index.html,http://image01.heydouga.com/contents/4041/303/player_thumb.jpg,2018-02-24,Mirei,Kokan Hakusho 
Wタイツと白い肌,http://en.heydouga.com/moviepages/4041/302/index.html,http://image01.heydouga.com/contents/4041/302/player_thumb.jpg,2018-02-16,Remi,Kokan Hakusho 
_なおさんと,http://en.heydouga.com/moviepages/4041/301/index.html,http://image01.heydouga.com/contents/4041/301/player_thumb.jpg,2018-02-12,Reiko,Kokan Hakusho 
セクシ`な服で　知美-Vol2,http://en.heydouga.com/moviepages/4041/300/index.html,http://image01.heydouga.com/contents/4041/300/player_thumb.jpg,2018-02-10,Tomomi,Kokan Hakusho 
モジャ毛潮吹き娘とハメ撮り-Vol2,http://en.heydouga.com/moviepages/4041/299/index.html,http://image01.heydouga.com/contents/4041/299/player_thumb.jpg,2018-02-03,Syoko,Kokan Hakusho 
おいされると断れないタイプです,http://en.heydouga.com/moviepages/4041/298/index.html,http://image01.heydouga.com/contents/4041/298/player_thumb.jpg,2018-02-01,Mami,Kokan Hakusho 
ムッチリ体型とモジャ毛の女の子とハメ撮り,http://en.heydouga.com/moviepages/4041/297/index.html,http://image01.heydouga.com/contents/4041/297/player_thumb.jpg,2018-01-27,Motoko,Kokan Hakusho 
こんな治なら叭栅いします,http://en.heydouga.com/moviepages/4041/296/index.html,http://image01.heydouga.com/contents/4041/296/player_thumb.jpg,2018-01-19,Mami,Kokan Hakusho 
キャバクラ荬酥谐訾,http://en.heydouga.com/moviepages/4041/295/index.html,http://image01.heydouga.com/contents/4041/295/player_thumb.jpg,2018-01-13,Momoka,Kokan Hakusho 
美乳娘に夜@いしてみました,http://en.heydouga.com/moviepages/4041/294/index.html,http://image01.heydouga.com/contents/4041/294/player_thumb.jpg,2018-01-06,Misa,Kokan Hakusho 
美乳潮吹き女の子とのハメ撮り,http://en.heydouga.com/moviepages/4041/293/index.html,http://image01.heydouga.com/contents/4041/293/player_thumb.jpg,2018-01-04,Tomoko,Kokan Hakusho 
彼女タイプ女の子がハメ撮りに昴,http://en.heydouga.com/moviepages/4041/292/index.html,http://image01.heydouga.com/contents/4041/292/player_thumb.jpg,2017-12-29,Mika,Kokan Hakusho 
潮吹き　ハメ撮り,http://en.heydouga.com/moviepages/4041/291/index.html,http://image01.heydouga.com/contents/4041/291/player_thumb.jpg,2017-12-24,Tomomi,Kokan Hakusho 
フェラ好きです,http://en.heydouga.com/moviepages/4041/290/index.html,http://image01.heydouga.com/contents/4041/290/player_thumb.jpg,2017-12-21,Rina,Kokan Hakusho 
クリを勃起させて潮吹いちゃいってます,http://en.heydouga.com/moviepages/4041/289/index.html,http://image01.heydouga.com/contents/4041/289/player_thumb.jpg,2017-12-16,Kumiko,Kokan Hakusho 
モジャ毛潮吹き娘とハメ撮り,http://en.heydouga.com/moviepages/4041/288/index.html,http://image01.heydouga.com/contents/4041/288/player_thumb.jpg,2017-12-12,Syoko,Kokan Hakusho 
女の子もしたいrあるの、指４本で潮きました,http://en.heydouga.com/moviepages/4041/287/index.html,http://image01.heydouga.com/contents/4041/287/player_thumb.jpg,2017-12-08,Harumi,Kokan Hakusho 
