爺隼殆繁弟　つきこちゃん,http://en.heydouga.com/moviepages/4173/096/index.html,http://image01.heydouga.com/contents/4173/096/player_thumb.jpg,2017-06-08,tukikochan,Little Girl 
爺隼殆繁弟　まきちゃん,http://en.heydouga.com/moviepages/4173/095/index.html,http://image01.heydouga.com/contents/4173/095/player_thumb.jpg,2017-06-07,makichan,Little Girl 
爺隼殆繁弟　ゆっこちゃん,http://en.heydouga.com/moviepages/4173/094/index.html,http://image01.heydouga.com/contents/4173/094/player_thumb.jpg,2017-06-06,yukkochan,Little Girl 
爺隼殆繁弟　はるこちゃん,http://en.heydouga.com/moviepages/4173/093/index.html,http://image01.heydouga.com/contents/4173/093/player_thumb.jpg,2017-06-05,harukochan,Little Girl 
爺隼殆繁弟　りつこちゃん,http://en.heydouga.com/moviepages/4173/092/index.html,http://image01.heydouga.com/contents/4173/092/player_thumb.jpg,2017-06-03,ritukochan,Little Girl 
爺隼殆繁弟　ゆりちゃん,http://en.heydouga.com/moviepages/4173/091/index.html,http://image01.heydouga.com/contents/4173/091/player_thumb.jpg,2017-06-02,yurichan,Little Girl 
爺隼殆繁弟　みりあちゃん,http://en.heydouga.com/moviepages/4173/090/index.html,http://image01.heydouga.com/contents/4173/090/player_thumb.jpg,2017-06-01,miriachan,Little Girl 
爺隼殆繁弟　もねちゃん,http://en.heydouga.com/moviepages/4173/089/index.html,http://image01.heydouga.com/contents/4173/089/player_thumb.jpg,2017-05-31,monechan,Little Girl 
爺隼殆繁弟　ちりこちゃん,http://en.heydouga.com/moviepages/4173/088/index.html,http://image01.heydouga.com/contents/4173/088/player_thumb.jpg,2017-05-30,chirikochan,Little Girl 
爺隼殆繁弟　さりちゃん,http://en.heydouga.com/moviepages/4173/087/index.html,http://image01.heydouga.com/contents/4173/087/player_thumb.jpg,2017-05-29,sarichan,Little Girl 
爺隼殆繁弟　ひとよちゃん,http://en.heydouga.com/moviepages/4173/086/index.html,http://image01.heydouga.com/contents/4173/086/player_thumb.jpg,2017-05-26,hitoyochan,Little Girl 
爺隼殆繁弟　のりかちゃん,http://en.heydouga.com/moviepages/4173/085/index.html,http://image01.heydouga.com/contents/4173/085/player_thumb.jpg,2017-05-25,norikachan,Little Girl 
爺隼殆繁弟　いさちゃん,http://en.heydouga.com/moviepages/4173/084/index.html,http://image01.heydouga.com/contents/4173/084/player_thumb.jpg,2017-05-24,isachan,Little Girl 
爺隼殆繁弟 てつこちゃん,http://en.heydouga.com/moviepages/4173/083/index.html,http://image01.heydouga.com/contents/4173/083/player_thumb.jpg,2017-05-23,tetukochan,Little Girl 
爺隼殆繁弟　よしこちゃん,http://en.heydouga.com/moviepages/4173/082/index.html,http://image01.heydouga.com/contents/4173/082/player_thumb.jpg,2017-05-22,yosikochan,Little Girl 
爺隼殆繁弟　ゆりかちゃん,http://en.heydouga.com/moviepages/4173/081/index.html,http://image01.heydouga.com/contents/4173/081/player_thumb.jpg,2017-05-19,yurikachan,Little Girl 
爺隼殆繁弟　ゆいちゃん,http://en.heydouga.com/moviepages/4173/080/index.html,http://image01.heydouga.com/contents/4173/080/player_thumb.jpg,2017-05-18,yuichan,Little Girl 
爺隼殆繁弟　まいこちゃん,http://en.heydouga.com/moviepages/4173/079/index.html,http://image01.heydouga.com/contents/4173/079/player_thumb.jpg,2017-05-17,maikochan,Little Girl 
爺隼殆繁弟  あきらちゃん,http://en.heydouga.com/moviepages/4173/078/index.html,http://image01.heydouga.com/contents/4173/078/player_thumb.jpg,2017-05-16,akirachan,Little Girl 
爺隼殆繁弟　ふさこちゃん,http://en.heydouga.com/moviepages/4173/077/index.html,http://image01.heydouga.com/contents/4173/077/player_thumb.jpg,2017-05-15,fusakochan,Little Girl 
爺隼殆繁弟　ほのかちゃん,http://en.heydouga.com/moviepages/4173/076/index.html,http://image01.heydouga.com/contents/4173/076/player_thumb.jpg,2017-05-14,honokachan,Little Girl 
爺隼殆繁弟　すずちゃん,http://en.heydouga.com/moviepages/4173/075/index.html,http://image01.heydouga.com/contents/4173/075/player_thumb.jpg,2017-05-13,suzuchan,Little Girl 
爺隼殆繁弟　まきちゃん,http://en.heydouga.com/moviepages/4173/074/index.html,http://image01.heydouga.com/contents/4173/074/player_thumb.jpg,2017-05-12,makichan,Little Girl 
爺隼殆繁弟　しほちゃん,http://en.heydouga.com/moviepages/4173/073/index.html,http://image01.heydouga.com/contents/4173/073/player_thumb.jpg,2017-05-09,sihochan,Little Girl 
爺隼殆繁弟　つきこちゃん,http://en.heydouga.com/moviepages/4173/096/index.html,http://image01.heydouga.com/contents/4173/096/player_thumb.jpg,2017-06-08,tukikochan,Little Girl 
爺隼殆繁弟　まきちゃん,http://en.heydouga.com/moviepages/4173/095/index.html,http://image01.heydouga.com/contents/4173/095/player_thumb.jpg,2017-06-07,makichan,Little Girl 
爺隼殆繁弟　ゆっこちゃん,http://en.heydouga.com/moviepages/4173/094/index.html,http://image01.heydouga.com/contents/4173/094/player_thumb.jpg,2017-06-06,yukkochan,Little Girl 
爺隼殆繁弟　はるこちゃん,http://en.heydouga.com/moviepages/4173/093/index.html,http://image01.heydouga.com/contents/4173/093/player_thumb.jpg,2017-06-05,harukochan,Little Girl 
爺隼殆繁弟　りつこちゃん,http://en.heydouga.com/moviepages/4173/092/index.html,http://image01.heydouga.com/contents/4173/092/player_thumb.jpg,2017-06-03,ritukochan,Little Girl 
爺隼殆繁弟　ゆりちゃん,http://en.heydouga.com/moviepages/4173/091/index.html,http://image01.heydouga.com/contents/4173/091/player_thumb.jpg,2017-06-02,yurichan,Little Girl 
爺隼殆繁弟　みりあちゃん,http://en.heydouga.com/moviepages/4173/090/index.html,http://image01.heydouga.com/contents/4173/090/player_thumb.jpg,2017-06-01,miriachan,Little Girl 
爺隼殆繁弟　もねちゃん,http://en.heydouga.com/moviepages/4173/089/index.html,http://image01.heydouga.com/contents/4173/089/player_thumb.jpg,2017-05-31,monechan,Little Girl 
爺隼殆繁弟　ちりこちゃん,http://en.heydouga.com/moviepages/4173/088/index.html,http://image01.heydouga.com/contents/4173/088/player_thumb.jpg,2017-05-30,chirikochan,Little Girl 
爺隼殆繁弟　さりちゃん,http://en.heydouga.com/moviepages/4173/087/index.html,http://image01.heydouga.com/contents/4173/087/player_thumb.jpg,2017-05-29,sarichan,Little Girl 
爺隼殆繁弟　ひとよちゃん,http://en.heydouga.com/moviepages/4173/086/index.html,http://image01.heydouga.com/contents/4173/086/player_thumb.jpg,2017-05-26,hitoyochan,Little Girl 
爺隼殆繁弟　のりかちゃん,http://en.heydouga.com/moviepages/4173/085/index.html,http://image01.heydouga.com/contents/4173/085/player_thumb.jpg,2017-05-25,norikachan,Little Girl 
爺隼殆繁弟　いさちゃん,http://en.heydouga.com/moviepages/4173/084/index.html,http://image01.heydouga.com/contents/4173/084/player_thumb.jpg,2017-05-24,isachan,Little Girl 
爺隼殆繁弟 てつこちゃん,http://en.heydouga.com/moviepages/4173/083/index.html,http://image01.heydouga.com/contents/4173/083/player_thumb.jpg,2017-05-23,tetukochan,Little Girl 
爺隼殆繁弟　よしこちゃん,http://en.heydouga.com/moviepages/4173/082/index.html,http://image01.heydouga.com/contents/4173/082/player_thumb.jpg,2017-05-22,yosikochan,Little Girl 
爺隼殆繁弟　ゆりかちゃん,http://en.heydouga.com/moviepages/4173/081/index.html,http://image01.heydouga.com/contents/4173/081/player_thumb.jpg,2017-05-19,yurikachan,Little Girl 
爺隼殆繁弟　ゆいちゃん,http://en.heydouga.com/moviepages/4173/080/index.html,http://image01.heydouga.com/contents/4173/080/player_thumb.jpg,2017-05-18,yuichan,Little Girl 
爺隼殆繁弟　まいこちゃん,http://en.heydouga.com/moviepages/4173/079/index.html,http://image01.heydouga.com/contents/4173/079/player_thumb.jpg,2017-05-17,maikochan,Little Girl 
爺隼殆繁弟  あきらちゃん,http://en.heydouga.com/moviepages/4173/078/index.html,http://image01.heydouga.com/contents/4173/078/player_thumb.jpg,2017-05-16,akirachan,Little Girl 
爺隼殆繁弟　ふさこちゃん,http://en.heydouga.com/moviepages/4173/077/index.html,http://image01.heydouga.com/contents/4173/077/player_thumb.jpg,2017-05-15,fusakochan,Little Girl 
爺隼殆繁弟　ほのかちゃん,http://en.heydouga.com/moviepages/4173/076/index.html,http://image01.heydouga.com/contents/4173/076/player_thumb.jpg,2017-05-14,honokachan,Little Girl 
爺隼殆繁弟　すずちゃん,http://en.heydouga.com/moviepages/4173/075/index.html,http://image01.heydouga.com/contents/4173/075/player_thumb.jpg,2017-05-13,suzuchan,Little Girl 
爺隼殆繁弟　まきちゃん,http://en.heydouga.com/moviepages/4173/074/index.html,http://image01.heydouga.com/contents/4173/074/player_thumb.jpg,2017-05-12,makichan,Little Girl 
