元温泉芸者のリカ,http://en.heydouga.com/moviepages/4097/028/index.html,http://image01.heydouga.com/contents/4097/028/player_thumb.jpg,2016-01-21,nagasawa_rika,Marilyn's honey pot 
おじさん大好きあやちゃん,http://en.heydouga.com/moviepages/4097/027/index.html,http://image01.heydouga.com/contents/4097/027/player_thumb.jpg,2015-12-03,AYA,Marilyn's honey pot 
エロい身体のしおりさん,http://en.heydouga.com/moviepages/4097/025/index.html,http://image01.heydouga.com/contents/4097/025/player_thumb.jpg,2015-09-04,siori_manabe,Marilyn's honey pot 
みやびちゃんがo`モデルに挑,http://en.heydouga.com/moviepages/4097/024/index.html,http://image01.heydouga.com/contents/4097/024/player_thumb.jpg,2015-07-23,miyabi,Marilyn's honey pot 
普段は真面目なＯＬさん,http://en.heydouga.com/moviepages/4097/022/index.html,http://image01.heydouga.com/contents/4097/022/player_thumb.jpg,2015-04-28,kana,Marilyn's honey pot 
超敏感少女みき,http://en.heydouga.com/moviepages/4097/021/index.html,http://image01.heydouga.com/contents/4097/021/player_thumb.jpg,2015-04-15,miki,Marilyn's honey pot 
普段はまじめな女子大生,http://en.heydouga.com/moviepages/4097/020/index.html,http://image01.heydouga.com/contents/4097/020/player_thumb.jpg,2015-04-10,akane,Marilyn's honey pot 
まじめな女子大生,http://en.heydouga.com/moviepages/4097/019/index.html,http://image01.heydouga.com/contents/4097/019/player_thumb.jpg,2014-03-01,akane,Marilyn's honey pot 
オマンコ大好きモナちゃん,http://en.heydouga.com/moviepages/4097/018/index.html,http://image01.heydouga.com/contents/4097/018/player_thumb.jpg,2014-01-30,mona,Marilyn's honey pot 
クンニ大好き　あやちゃん,http://en.heydouga.com/moviepages/4097/017/index.html,http://image01.heydouga.com/contents/4097/017/player_thumb.jpg,2014-01-18,aya,Marilyn's honey pot 
エッチ大好きちほちゃん,http://en.heydouga.com/moviepages/4097/016/index.html,http://image01.heydouga.com/contents/4097/016/player_thumb.jpg,2014-01-11,sugiyama tiho,Marilyn's honey pot 
オマンコ大好！しずくちゃん,http://en.heydouga.com/moviepages/4097/015/index.html,http://image01.heydouga.com/contents/4097/015/player_thumb.jpg,2013-02-13,sizuku,Marilyn's honey pot 
素人モデルみなみちゃん,http://en.heydouga.com/moviepages/4097/014/index.html,http://image01.heydouga.com/contents/4097/014/player_thumb.jpg,2013-01-07,AkikawaMinami,Marilyn's honey pot 
素人モデル01,http://en.heydouga.com/moviepages/4097/013/index.html,http://image01.heydouga.com/contents/4097/013/player_thumb.jpg,2012-11-16,Karina,Marilyn's honey pot 
Gカップモデルのみきちゃん,http://en.heydouga.com/moviepages/4097/011/index.html,http://image01.heydouga.com/contents/4097/011/player_thumb.jpg,2012-10-05,Kamimura Miki,Marilyn's honey pot 
Ｆカップレイちゃん,http://en.heydouga.com/moviepages/4097/010/index.html,http://image01.heydouga.com/contents/4097/010/player_thumb.jpg,2012-09-13,SawamotoRei,Marilyn's honey pot 
