辱3,http://en.heydouga.com/moviepages/4170/125/index.html,http://image01.heydouga.com/contents/4170/125/player_thumb.jpg,2018-03-17,Anime,Milky Pictures 
瞳裸3,http://en.heydouga.com/moviepages/4170/124/index.html,http://image01.heydouga.com/contents/4170/124/player_thumb.jpg,2018-03-10,Anime,Milky Pictures 
辱2,http://en.heydouga.com/moviepages/4170/123/index.html,http://image01.heydouga.com/contents/4170/123/player_thumb.jpg,2018-03-03,Anime,Milky Pictures 
瞳裸2,http://en.heydouga.com/moviepages/4170/122/index.html,http://image01.heydouga.com/contents/4170/122/player_thumb.jpg,2018-02-24,Anime,Milky Pictures 
辱1,http://en.heydouga.com/moviepages/4170/121/index.html,http://image01.heydouga.com/contents/4170/121/player_thumb.jpg,2018-02-17,Anime,Milky Pictures 
瞳裸1,http://en.heydouga.com/moviepages/4170/120/index.html,http://image01.heydouga.com/contents/4170/120/player_thumb.jpg,2018-02-10,Anime,Milky Pictures 
|京魂歌（レクイエム） 第二 淫性の宿命,http://en.heydouga.com/moviepages/4170/119/index.html,http://image01.heydouga.com/contents/4170/119/player_thumb.jpg,2018-02-03,Anime,Milky Pictures 
きみはぐvol.2,http://en.heydouga.com/moviepages/4170/118/index.html,http://image01.heydouga.com/contents/4170/118/player_thumb.jpg,2018-01-27,Anime,Milky Pictures 
|京魂歌（レクイエム） 第一 淫性のIg,http://en.heydouga.com/moviepages/4170/117/index.html,http://image01.heydouga.com/contents/4170/117/player_thumb.jpg,2018-01-20,Anime,Milky Pictures 
きみはぐvol.1,http://en.heydouga.com/moviepages/4170/116/index.html,http://image01.heydouga.com/contents/4170/116/player_thumb.jpg,2018-01-13,Anime,Milky Pictures 
月 第三,http://en.heydouga.com/moviepages/4170/115/index.html,http://image01.heydouga.com/contents/4170/115/player_thumb.jpg,2018-01-06,Anime,Milky Pictures 
