制服踊鲋小鹕着室盗撮２,http://en.heydouga.com/moviepages/4066/384/index.html,http://image01.heydouga.com/contents/4066/384/player_thumb.jpg,2015-04-18,amateur,Nozokiya Honpo 
レントゲン技の卑猥な盗撮コレクション２,http://en.heydouga.com/moviepages/4066/383/index.html,http://image01.heydouga.com/contents/4066/383/player_thumb.jpg,2015-04-10,amateur,Nozokiya Honpo 
女子○生内科试\盗撮５,http://en.heydouga.com/moviepages/4066/382/index.html,http://image01.heydouga.com/contents/4066/382/player_thumb.jpg,2015-03-25,amateur,Nozokiya Honpo 
o食センタ`でPくおばちゃんの尿袢〉链橛诚瘢,http://en.heydouga.com/moviepages/4066/381/index.html,http://image01.heydouga.com/contents/4066/381/player_thumb.jpg,2015-03-24,amateur,Nozokiya Honpo 
女子○生イタズラ\察bD人科盗撮２,http://en.heydouga.com/moviepages/4066/380/index.html,http://image01.heydouga.com/contents/4066/380/player_thumb.jpg,2015-03-17,amateur,Nozokiya Honpo 
女子校生SEX治盗撮２,http://en.heydouga.com/moviepages/4066/379/index.html,http://image01.heydouga.com/contents/4066/379/player_thumb.jpg,2015-03-16,amateur,Nozokiya Honpo 
名T私立小○校にまつわるお受Yママの卑猥なY取引４,http://en.heydouga.com/moviepages/4066/378/index.html,http://image01.heydouga.com/contents/4066/378/player_thumb.jpg,2015-03-11,amateur,Nozokiya Honpo 
万引きい丹斓觊Lにいたずら人妻５,http://en.heydouga.com/moviepages/4066/377/index.html,http://image01.heydouga.com/contents/4066/377/player_thumb.jpg,2015-03-10,amateur,Nozokiya Honpo 
足ツボマッサ`ジ接写パンチラ,http://en.heydouga.com/moviepages/4066/376/index.html,http://image01.heydouga.com/contents/4066/376/player_thumb.jpg,2014-07-12,amateur,Nozokiya Honpo 
和式便所盗撮,http://en.heydouga.com/moviepages/4066/375/index.html,http://image01.heydouga.com/contents/4066/375/player_thumb.jpg,2014-07-11,amateur,Nozokiya Honpo 
熟女ノ`ブラル`ムランナ`盗撮,http://en.heydouga.com/moviepages/4066/374/index.html,http://image01.heydouga.com/contents/4066/374/player_thumb.jpg,2014-07-09,amateur,Nozokiya Honpo 
美人ＯＬ限定！デスク下の三角地,http://en.heydouga.com/moviepages/4066/373/index.html,http://image01.heydouga.com/contents/4066/373/player_thumb.jpg,2014-05-02,Amateur,Nozokiya Honpo 
ランジェリショップ着室盗撮,http://en.heydouga.com/moviepages/4066/372/index.html,http://image01.heydouga.com/contents/4066/372/player_thumb.jpg,2014-05-01,Amateur,Nozokiya Honpo 
保健室のベッドでこっそりオナニ`しちゃってる映像Lし撮り　７,http://en.heydouga.com/moviepages/4066/371/index.html,http://image01.heydouga.com/contents/4066/371/player_thumb.jpg,2014-03-14,amateur,Nozokiya Honpo 
某AVプロダクションより投稿 U有り奥さん人妻面接ドキュメント盗撮 2,http://en.heydouga.com/moviepages/4066/370/index.html,http://image01.heydouga.com/contents/4066/370/player_thumb.jpg,2014-02-28,amateur,Nozokiya Honpo 
女子校生内科试\盗撮 4,http://en.heydouga.com/moviepages/4066/369/index.html,http://image01.heydouga.com/contents/4066/369/player_thumb.jpg,2014-02-14,amateur,Nozokiya Honpo 
bD人科\で性器をイタズラ盗撮　１,http://en.heydouga.com/moviepages/4066/368/index.html,http://image01.heydouga.com/contents/4066/368/player_thumb.jpg,2014-01-25,amateur,Nozokiya Honpo 
女子校生内科试\盗撮 3,http://en.heydouga.com/moviepages/4066/367/index.html,http://image01.heydouga.com/contents/4066/367/player_thumb.jpg,2013-12-29,amateur,Nozokiya Honpo 
保健室のベッドでこっそりオナニ`しちゃってる映像Lし撮りt集,http://en.heydouga.com/moviepages/4066/366/index.html,http://image01.heydouga.com/contents/4066/366/player_thumb.jpg,2013-11-26,amateur,Nozokiya Honpo 
レントゲン技の卑猥な盗撮コレクション,http://en.heydouga.com/moviepages/4066/365/index.html,http://image01.heydouga.com/contents/4066/365/player_thumb.jpg,2013-11-09,amateur,Nozokiya Honpo 
美容外科N胸手g前カウンセリング\察盗撮 t集 r,http://en.heydouga.com/moviepages/4066/364/index.html,http://image01.heydouga.com/contents/4066/364/player_thumb.jpg,2013-10-22,amateur,Nozokiya Honpo 
某AVプロダクションより投稿 U有り奥さん人妻面接ドキュメント盗撮 1,http://en.heydouga.com/moviepages/4066/363/index.html,http://image01.heydouga.com/contents/4066/363/player_thumb.jpg,2013-10-08,amateur,Nozokiya Honpo 
锏链殚_I医,http://en.heydouga.com/moviepages/4066/362/index.html,http://image01.heydouga.com/contents/4066/362/player_thumb.jpg,2013-09-25,amateur,Nozokiya Honpo 
中国式卑猥マッサ`ジ盗撮 3,http://en.heydouga.com/moviepages/4066/361/index.html,http://image01.heydouga.com/contents/4066/361/player_thumb.jpg,2013-09-10,amateur,Nozokiya Honpo 
制服踊鲋小鹕着室盗撮２,http://en.heydouga.com/moviepages/4066/384/index.html,http://image01.heydouga.com/contents/4066/384/player_thumb.jpg,2015-04-18,amateur,Nozokiya Honpo 
レントゲン技の卑猥な盗撮コレクション２,http://en.heydouga.com/moviepages/4066/383/index.html,http://image01.heydouga.com/contents/4066/383/player_thumb.jpg,2015-04-10,amateur,Nozokiya Honpo 
女子○生内科试\盗撮５,http://en.heydouga.com/moviepages/4066/382/index.html,http://image01.heydouga.com/contents/4066/382/player_thumb.jpg,2015-03-25,amateur,Nozokiya Honpo 
o食センタ`でPくおばちゃんの尿袢〉链橛诚瘢,http://en.heydouga.com/moviepages/4066/381/index.html,http://image01.heydouga.com/contents/4066/381/player_thumb.jpg,2015-03-24,amateur,Nozokiya Honpo 
女子○生イタズラ\察bD人科盗撮２,http://en.heydouga.com/moviepages/4066/380/index.html,http://image01.heydouga.com/contents/4066/380/player_thumb.jpg,2015-03-17,amateur,Nozokiya Honpo 
女子校生SEX治盗撮２,http://en.heydouga.com/moviepages/4066/379/index.html,http://image01.heydouga.com/contents/4066/379/player_thumb.jpg,2015-03-16,amateur,Nozokiya Honpo 
名T私立小○校にまつわるお受Yママの卑猥なY取引４,http://en.heydouga.com/moviepages/4066/378/index.html,http://image01.heydouga.com/contents/4066/378/player_thumb.jpg,2015-03-11,amateur,Nozokiya Honpo 
万引きい丹斓觊Lにいたずら人妻５,http://en.heydouga.com/moviepages/4066/377/index.html,http://image01.heydouga.com/contents/4066/377/player_thumb.jpg,2015-03-10,amateur,Nozokiya Honpo 
足ツボマッサ`ジ接写パンチラ,http://en.heydouga.com/moviepages/4066/376/index.html,http://image01.heydouga.com/contents/4066/376/player_thumb.jpg,2014-07-12,amateur,Nozokiya Honpo 
和式便所盗撮,http://en.heydouga.com/moviepages/4066/375/index.html,http://image01.heydouga.com/contents/4066/375/player_thumb.jpg,2014-07-11,amateur,Nozokiya Honpo 
熟女ノ`ブラル`ムランナ`盗撮,http://en.heydouga.com/moviepages/4066/374/index.html,http://image01.heydouga.com/contents/4066/374/player_thumb.jpg,2014-07-09,amateur,Nozokiya Honpo 
美人ＯＬ限定！デスク下の三角地,http://en.heydouga.com/moviepages/4066/373/index.html,http://image01.heydouga.com/contents/4066/373/player_thumb.jpg,2014-05-02,Amateur,Nozokiya Honpo 
ランジェリショップ着室盗撮,http://en.heydouga.com/moviepages/4066/372/index.html,http://image01.heydouga.com/contents/4066/372/player_thumb.jpg,2014-05-01,Amateur,Nozokiya Honpo 
保健室のベッドでこっそりオナニ`しちゃってる映像Lし撮り　７,http://en.heydouga.com/moviepages/4066/371/index.html,http://image01.heydouga.com/contents/4066/371/player_thumb.jpg,2014-03-14,amateur,Nozokiya Honpo 
某AVプロダクションより投稿 U有り奥さん人妻面接ドキュメント盗撮 2,http://en.heydouga.com/moviepages/4066/370/index.html,http://image01.heydouga.com/contents/4066/370/player_thumb.jpg,2014-02-28,amateur,Nozokiya Honpo 
女子校生内科试\盗撮 4,http://en.heydouga.com/moviepages/4066/369/index.html,http://image01.heydouga.com/contents/4066/369/player_thumb.jpg,2014-02-14,amateur,Nozokiya Honpo 
bD人科\で性器をイタズラ盗撮　１,http://en.heydouga.com/moviepages/4066/368/index.html,http://image01.heydouga.com/contents/4066/368/player_thumb.jpg,2014-01-25,amateur,Nozokiya Honpo 
女子校生内科试\盗撮 3,http://en.heydouga.com/moviepages/4066/367/index.html,http://image01.heydouga.com/contents/4066/367/player_thumb.jpg,2013-12-29,amateur,Nozokiya Honpo 
保健室のベッドでこっそりオナニ`しちゃってる映像Lし撮りt集,http://en.heydouga.com/moviepages/4066/366/index.html,http://image01.heydouga.com/contents/4066/366/player_thumb.jpg,2013-11-26,amateur,Nozokiya Honpo 
