rgを荬摔工肱　４,http://en.heydouga.com/moviepages/4046/029/index.html,http://image01.heydouga.com/contents/4046/029/player_thumb.jpg,2010-04-14,keiko,Okimoto-ryu 
rgを荬摔工肱　３,http://en.heydouga.com/moviepages/4046/028/index.html,http://image01.heydouga.com/contents/4046/028/player_thumb.jpg,2010-04-13,kko,Okimoto-ryu 
rgを荬摔工肱２,http://en.heydouga.com/moviepages/4046/027/index.html,http://image01.heydouga.com/contents/4046/027/player_thumb.jpg,2010-04-12,kko,Okimoto-ryu 
rgを荬摔工肱１,http://en.heydouga.com/moviepages/4046/026/index.html,http://image01.heydouga.com/contents/4046/026/player_thumb.jpg,2010-03-16,Kko,Okimoto-ryu 
今日のフェラ子ちゃん　Ｖｏｌ．１３,http://en.heydouga.com/moviepages/4046/025/index.html,http://image01.heydouga.com/contents/4046/025/player_thumb.jpg,2009-11-29,jko,Okimoto-ryu 
今日のフェラ子ちゃん　Ｖｏｌ．１２,http://en.heydouga.com/moviepages/4046/024/index.html,http://image01.heydouga.com/contents/4046/024/player_thumb.jpg,2009-11-28,iko,Okimoto-ryu 
今日のフェラ子ちゃん　Ｖｏｌ．１１,http://en.heydouga.com/moviepages/4046/023/index.html,http://image01.heydouga.com/contents/4046/023/player_thumb.jpg,2009-11-27,hko,Okimoto-ryu 
今日のフェラ子ちゃん　Ｖｏｌ．１０,http://en.heydouga.com/moviepages/4046/022/index.html,http://image01.heydouga.com/contents/4046/022/player_thumb.jpg,2009-11-26,gko,Okimoto-ryu 
今日のフェラ子ちゃん　Ｖｏｌ．９,http://en.heydouga.com/moviepages/4046/021/index.html,http://image01.heydouga.com/contents/4046/021/player_thumb.jpg,2009-11-25,F,Okimoto-ryu 
３０秒の女３　そして迫真の,http://en.heydouga.com/moviepages/4046/020/index.html,http://image01.heydouga.com/contents/4046/020/player_thumb.jpg,2009-11-17,eko,Okimoto-ryu 
３０秒の女２　アナルＳＥＸ,http://en.heydouga.com/moviepages/4046/019/index.html,http://image01.heydouga.com/contents/4046/019/player_thumb.jpg,2009-11-16,eko,Okimoto-ryu 
３０秒の女１　[k,http://en.heydouga.com/moviepages/4046/018/index.html,http://image01.heydouga.com/contents/4046/018/player_thumb.jpg,2009-11-15,eko,Okimoto-ryu 
自摸（ツモ）の女４　後xはn,http://en.heydouga.com/moviepages/4046/017/index.html,http://image01.heydouga.com/contents/4046/017/player_thumb.jpg,2009-11-14,dko,Okimoto-ryu 
自摸（ツモ）の女３　お叱フェラ,http://en.heydouga.com/moviepages/4046/016/index.html,http://image01.heydouga.com/contents/4046/016/player_thumb.jpg,2009-11-13,dko,Okimoto-ryu 
自摸（ツモ）の女２　アナルＳＥＸ,http://en.heydouga.com/moviepages/4046/015/index.html,http://image01.heydouga.com/contents/4046/015/player_thumb.jpg,2009-11-12,dko,Okimoto-ryu 
