リクライニングはいすく`る,http://en.heydouga.com/moviepages/4059/087/index.html,http://image01.heydouga.com/contents/4059/087/player_thumb.jpg,2013-02-07,ludi,Patsukin Channel 
インタ`ナショナルはいすく`る　リサ,http://en.heydouga.com/moviepages/4059/086/index.html,http://image01.heydouga.com/contents/4059/086/player_thumb.jpg,2013-01-31,risa,Patsukin Channel 
夜@いハイスク`ル　シオン,http://en.heydouga.com/moviepages/4059/085/index.html,http://image01.heydouga.com/contents/4059/085/player_thumb.jpg,2013-01-25,shion,Patsukin Channel 
夜@いハイスク`ル　リタ,http://en.heydouga.com/moviepages/4059/084/index.html,http://image01.heydouga.com/contents/4059/084/player_thumb.jpg,2013-01-18,rita,Patsukin Channel 
インタ`ナショナルはいすく`る　リネット,http://en.heydouga.com/moviepages/4059/083/index.html,http://image01.heydouga.com/contents/4059/083/player_thumb.jpg,2013-01-10,linet,Patsukin Channel 
インタ`ナショナルはいすく`る　レナ,http://en.heydouga.com/moviepages/4059/082/index.html,http://image01.heydouga.com/contents/4059/082/player_thumb.jpg,2012-12-29,lena,Patsukin Channel 
ロ●`タコンプレックス,http://en.heydouga.com/moviepages/4059/081/index.html,http://image01.heydouga.com/contents/4059/081/player_thumb.jpg,2012-12-21,Bree Olsen,Patsukin Channel 
インタ`ナショナルはいすく`るに通っている妹の友_を夜@いしてみた,http://en.heydouga.com/moviepages/4059/080/index.html,http://image01.heydouga.com/contents/4059/080/player_thumb.jpg,2012-12-14,ana,Patsukin Channel 
インタ`ナショナルはいすく`る　アリス,http://en.heydouga.com/moviepages/4059/079/index.html,http://image01.heydouga.com/contents/4059/079/player_thumb.jpg,2012-12-06,Ally,Patsukin Channel 
インタ`ナショナルはいすく`る アリィ,http://en.heydouga.com/moviepages/4059/078/index.html,http://image01.heydouga.com/contents/4059/078/player_thumb.jpg,2012-11-30,Allei Heze,Patsukin Channel 
インタ`ナショナルはいすく`る　ティファニィ,http://en.heydouga.com/moviepages/4059/077/index.html,http://image01.heydouga.com/contents/4059/077/player_thumb.jpg,2012-10-25,Tiffany,Patsukin Channel 
インタ`ナショナルはいすく`る　リリス,http://en.heydouga.com/moviepages/4059/076/index.html,http://image01.heydouga.com/contents/4059/076/player_thumb.jpg,2012-10-19,Lilys,Patsukin Channel 
インタ`ナショナルはいすく`る　キャサリン,http://en.heydouga.com/moviepages/4059/075/index.html,http://image01.heydouga.com/contents/4059/075/player_thumb.jpg,2012-10-13,Hailie James,Patsukin Channel 
インタ`ナショナルはいすく`る　ダリア,http://en.heydouga.com/moviepages/4059/074/index.html,http://image01.heydouga.com/contents/4059/074/player_thumb.jpg,2012-09-28,dalila darlin,Patsukin Channel 
インタ`ナショナルはいすく`る　ブリ`オルセン,http://en.heydouga.com/moviepages/4059/073/index.html,http://image01.heydouga.com/contents/4059/073/player_thumb.jpg,2012-09-21,bree olson,Patsukin Channel 
インタ`ナショナルはいすく`る,http://en.heydouga.com/moviepages/4059/072/index.html,http://image01.heydouga.com/contents/4059/072/player_thumb.jpg,2012-09-14,Ashlyn,Patsukin Channel 
インタ`ナショナルはいすく`る,http://en.heydouga.com/moviepages/4059/071/index.html,http://image01.heydouga.com/contents/4059/071/player_thumb.jpg,2012-09-06,amy,Patsukin Channel 
インタ`ナショナルはいすく`る　学校りに彼女の家で,http://en.heydouga.com/moviepages/4059/070/index.html,http://image01.heydouga.com/contents/4059/070/player_thumb.jpg,2012-08-31,Allei Heze,Patsukin Channel 
インタ`ナショナルはいすく`る,http://en.heydouga.com/moviepages/4059/069/index.html,http://image01.heydouga.com/contents/4059/069/player_thumb.jpg,2012-05-24,Victoria White,Patsukin Channel 
インタ`ナショナルはいすく`る,http://en.heydouga.com/moviepages/4059/068/index.html,http://image01.heydouga.com/contents/4059/068/player_thumb.jpg,2012-05-17,ToryLane,Patsukin Channel 
Wの彼女はサイボ`グ,http://en.heydouga.com/moviepages/4059/067/index.html,http://image01.heydouga.com/contents/4059/067/player_thumb.jpg,2012-05-10,tory lane,Patsukin Channel 
インタ`ナショナルはいすく`る,http://en.heydouga.com/moviepages/4059/066/index.html,http://image01.heydouga.com/contents/4059/066/player_thumb.jpg,2012-05-02,Kacey Jordan,Patsukin Channel 
世界ハメ撮りo行,http://en.heydouga.com/moviepages/4059/065/index.html,http://image01.heydouga.com/contents/4059/065/player_thumb.jpg,2012-04-26,Jessi Palmar,Patsukin Channel 
外国のコミケに行くと日本人好きなアニオタ女と出会えるってホントですか？,http://en.heydouga.com/moviepages/4059/064/index.html,http://image01.heydouga.com/contents/4059/064/player_thumb.jpg,2012-04-19,Jessi Palmar,Patsukin Channel 
リクライニングはいすく`る,http://en.heydouga.com/moviepages/4059/087/index.html,http://image01.heydouga.com/contents/4059/087/player_thumb.jpg,2013-02-07,ludi,Patsukin Channel 
インタ`ナショナルはいすく`る　リサ,http://en.heydouga.com/moviepages/4059/086/index.html,http://image01.heydouga.com/contents/4059/086/player_thumb.jpg,2013-01-31,risa,Patsukin Channel 
夜@いハイスク`ル　シオン,http://en.heydouga.com/moviepages/4059/085/index.html,http://image01.heydouga.com/contents/4059/085/player_thumb.jpg,2013-01-25,shion,Patsukin Channel 
夜@いハイスク`ル　リタ,http://en.heydouga.com/moviepages/4059/084/index.html,http://image01.heydouga.com/contents/4059/084/player_thumb.jpg,2013-01-18,rita,Patsukin Channel 
インタ`ナショナルはいすく`る　リネット,http://en.heydouga.com/moviepages/4059/083/index.html,http://image01.heydouga.com/contents/4059/083/player_thumb.jpg,2013-01-10,linet,Patsukin Channel 
インタ`ナショナルはいすく`る　レナ,http://en.heydouga.com/moviepages/4059/082/index.html,http://image01.heydouga.com/contents/4059/082/player_thumb.jpg,2012-12-29,lena,Patsukin Channel 
ロ●`タコンプレックス,http://en.heydouga.com/moviepages/4059/081/index.html,http://image01.heydouga.com/contents/4059/081/player_thumb.jpg,2012-12-21,Bree Olsen,Patsukin Channel 
インタ`ナショナルはいすく`るに通っている妹の友_を夜@いしてみた,http://en.heydouga.com/moviepages/4059/080/index.html,http://image01.heydouga.com/contents/4059/080/player_thumb.jpg,2012-12-14,ana,Patsukin Channel 
インタ`ナショナルはいすく`る　アリス,http://en.heydouga.com/moviepages/4059/079/index.html,http://image01.heydouga.com/contents/4059/079/player_thumb.jpg,2012-12-06,Ally,Patsukin Channel 
インタ`ナショナルはいすく`る アリィ,http://en.heydouga.com/moviepages/4059/078/index.html,http://image01.heydouga.com/contents/4059/078/player_thumb.jpg,2012-11-30,Allei Heze,Patsukin Channel 
インタ`ナショナルはいすく`る　ティファニィ,http://en.heydouga.com/moviepages/4059/077/index.html,http://image01.heydouga.com/contents/4059/077/player_thumb.jpg,2012-10-25,Tiffany,Patsukin Channel 
インタ`ナショナルはいすく`る　リリス,http://en.heydouga.com/moviepages/4059/076/index.html,http://image01.heydouga.com/contents/4059/076/player_thumb.jpg,2012-10-19,Lilys,Patsukin Channel 
インタ`ナショナルはいすく`る　キャサリン,http://en.heydouga.com/moviepages/4059/075/index.html,http://image01.heydouga.com/contents/4059/075/player_thumb.jpg,2012-10-13,Hailie James,Patsukin Channel 
インタ`ナショナルはいすく`る　ダリア,http://en.heydouga.com/moviepages/4059/074/index.html,http://image01.heydouga.com/contents/4059/074/player_thumb.jpg,2012-09-28,dalila darlin,Patsukin Channel 
インタ`ナショナルはいすく`る　ブリ`オルセン,http://en.heydouga.com/moviepages/4059/073/index.html,http://image01.heydouga.com/contents/4059/073/player_thumb.jpg,2012-09-21,bree olson,Patsukin Channel 
インタ`ナショナルはいすく`る,http://en.heydouga.com/moviepages/4059/072/index.html,http://image01.heydouga.com/contents/4059/072/player_thumb.jpg,2012-09-14,Ashlyn,Patsukin Channel 
インタ`ナショナルはいすく`る,http://en.heydouga.com/moviepages/4059/071/index.html,http://image01.heydouga.com/contents/4059/071/player_thumb.jpg,2012-09-06,amy,Patsukin Channel 
インタ`ナショナルはいすく`る　学校りに彼女の家で,http://en.heydouga.com/moviepages/4059/070/index.html,http://image01.heydouga.com/contents/4059/070/player_thumb.jpg,2012-08-31,Allei Heze,Patsukin Channel 
インタ`ナショナルはいすく`る,http://en.heydouga.com/moviepages/4059/069/index.html,http://image01.heydouga.com/contents/4059/069/player_thumb.jpg,2012-05-24,Victoria White,Patsukin Channel 
