【可郅づ子限定 反膜铩 婚活中の同僚,http://en.heydouga.com/moviepages/4139/017/index.html,http://image01.heydouga.com/contents/4139/017/player_thumb.jpg,2015-01-16,Amateur,Sarashiya 
【可郅づ子限定 反膜铩⒐子女,http://en.heydouga.com/moviepages/4139/016/index.html,http://image01.heydouga.com/contents/4139/016/player_thumb.jpg,2015-01-04,Amateur,Sarashiya 
【可郅づ子限定 反膜铩eの部署の兵,http://en.heydouga.com/moviepages/4139/014/index.html,http://image01.heydouga.com/contents/4139/014/player_thumb.jpg,2014-12-12,Amateur,Sarashiya 
【可郅づ子限定 反膜铩坑兵,http://en.heydouga.com/moviepages/4139/013/index.html,http://image01.heydouga.com/contents/4139/013/player_thumb.jpg,2014-12-05,Amateur,Sarashiya 
【可郅づ子限定 反膜铩N.Mちゃん　新_拓成功,http://en.heydouga.com/moviepages/4139/012/index.html,http://image01.heydouga.com/contents/4139/012/player_thumb.jpg,2014-11-28,Amateur,Sarashiya 
【可郅づ子限定 反膜铩啃∩意荬蚀笱生,http://en.heydouga.com/moviepages/4139/011/index.html,http://image01.heydouga.com/contents/4139/011/player_thumb.jpg,2014-11-21,Amateur,Sarashiya 
【可郅づ子限定 反膜铩E.Iちゃん,http://en.heydouga.com/moviepages/4139/010/index.html,http://image01.heydouga.com/contents/4139/010/player_thumb.jpg,2014-11-19,Amateur,Sarashiya 
【可郅づ子限定 反膜铩颗型の教,http://en.heydouga.com/moviepages/4139/009/index.html,http://image01.heydouga.com/contents/4139/009/player_thumb.jpg,2014-11-07,Amateur,Sarashiya 
【可郅づ子限定 反膜铩MYちゃん,http://en.heydouga.com/moviepages/4139/008/index.html,http://image01.heydouga.com/contents/4139/008/player_thumb.jpg,2014-10-31,Amateur,Sarashiya 
【可郅づ子限定 反膜铩窟`う部署の先,http://en.heydouga.com/moviepages/4139/007/index.html,http://image01.heydouga.com/contents/4139/007/player_thumb.jpg,2014-10-18,Amateur,Sarashiya 
【可郅づ子限定 反膜铩空_の捻じ曲がった平成生まれのデカクリ娘,http://en.heydouga.com/moviepages/4139/006/index.html,http://image01.heydouga.com/contents/4139/006/player_thumb.jpg,2014-10-11,Amateur,Sarashiya 
【可郅づ子限定 反膜铩郡长长ちゃん2回目の,http://en.heydouga.com/moviepages/4139/005/index.html,http://image01.heydouga.com/contents/4139/005/player_thumb.jpg,2014-10-04,cocoa,Sarashiya 
【可郅づ子限定 反膜铩YIちゃん,http://en.heydouga.com/moviepages/4139/004/index.html,http://image01.heydouga.com/contents/4139/004/player_thumb.jpg,2014-09-26,Friend,Sarashiya 
【可郅づ子限定 反膜铩块Lい付き合いの友人,http://en.heydouga.com/moviepages/4139/003/index.html,http://image01.heydouga.com/contents/4139/003/player_thumb.jpg,2014-09-19,Friend,Sarashiya 
【可郅づ子限定 反膜铩郡长韦撙沥悚螭摔饯盲戎谐訾,http://en.heydouga.com/moviepages/4139/002/index.html,http://image01.heydouga.com/contents/4139/002/player_thumb.jpg,2014-09-16,konomi,Sarashiya 
【可郅づ子限定 反膜铩vol.01ここあ,http://en.heydouga.com/moviepages/4139/001/index.html,http://image01.heydouga.com/contents/4139/001/player_thumb.jpg,2014-09-12,Cocoa,Sarashiya 
【可郅づ子限定 反膜铩 婚活中の同僚,http://en.heydouga.com/moviepages/4139/017/index.html,http://image01.heydouga.com/contents/4139/017/player_thumb.jpg,2015-01-16,Amateur,Sarashiya 
【可郅づ子限定 反膜铩⒐子女,http://en.heydouga.com/moviepages/4139/016/index.html,http://image01.heydouga.com/contents/4139/016/player_thumb.jpg,2015-01-04,Amateur,Sarashiya 
【可郅づ子限定 反膜铩eの部署の兵,http://en.heydouga.com/moviepages/4139/014/index.html,http://image01.heydouga.com/contents/4139/014/player_thumb.jpg,2014-12-12,Amateur,Sarashiya 
【可郅づ子限定 反膜铩坑兵,http://en.heydouga.com/moviepages/4139/013/index.html,http://image01.heydouga.com/contents/4139/013/player_thumb.jpg,2014-12-05,Amateur,Sarashiya 
【可郅づ子限定 反膜铩N.Mちゃん　新_拓成功,http://en.heydouga.com/moviepages/4139/012/index.html,http://image01.heydouga.com/contents/4139/012/player_thumb.jpg,2014-11-28,Amateur,Sarashiya 
【可郅づ子限定 反膜铩啃∩意荬蚀笱生,http://en.heydouga.com/moviepages/4139/011/index.html,http://image01.heydouga.com/contents/4139/011/player_thumb.jpg,2014-11-21,Amateur,Sarashiya 
【可郅づ子限定 反膜铩E.Iちゃん,http://en.heydouga.com/moviepages/4139/010/index.html,http://image01.heydouga.com/contents/4139/010/player_thumb.jpg,2014-11-19,Amateur,Sarashiya 
【可郅づ子限定 反膜铩颗型の教,http://en.heydouga.com/moviepages/4139/009/index.html,http://image01.heydouga.com/contents/4139/009/player_thumb.jpg,2014-11-07,Amateur,Sarashiya 
【可郅づ子限定 反膜铩MYちゃん,http://en.heydouga.com/moviepages/4139/008/index.html,http://image01.heydouga.com/contents/4139/008/player_thumb.jpg,2014-10-31,Amateur,Sarashiya 
【可郅づ子限定 反膜铩窟`う部署の先,http://en.heydouga.com/moviepages/4139/007/index.html,http://image01.heydouga.com/contents/4139/007/player_thumb.jpg,2014-10-18,Amateur,Sarashiya 
【可郅づ子限定 反膜铩空_の捻じ曲がった平成生まれのデカクリ娘,http://en.heydouga.com/moviepages/4139/006/index.html,http://image01.heydouga.com/contents/4139/006/player_thumb.jpg,2014-10-11,Amateur,Sarashiya 
【可郅づ子限定 反膜铩郡长长ちゃん2回目の,http://en.heydouga.com/moviepages/4139/005/index.html,http://image01.heydouga.com/contents/4139/005/player_thumb.jpg,2014-10-04,cocoa,Sarashiya 
【可郅づ子限定 反膜铩YIちゃん,http://en.heydouga.com/moviepages/4139/004/index.html,http://image01.heydouga.com/contents/4139/004/player_thumb.jpg,2014-09-26,Friend,Sarashiya 
【可郅づ子限定 反膜铩块Lい付き合いの友人,http://en.heydouga.com/moviepages/4139/003/index.html,http://image01.heydouga.com/contents/4139/003/player_thumb.jpg,2014-09-19,Friend,Sarashiya 
【可郅づ子限定 反膜铩郡长韦撙沥悚螭摔饯盲戎谐訾,http://en.heydouga.com/moviepages/4139/002/index.html,http://image01.heydouga.com/contents/4139/002/player_thumb.jpg,2014-09-16,konomi,Sarashiya 
【可郅づ子限定 反膜铩vol.01ここあ,http://en.heydouga.com/moviepages/4139/001/index.html,http://image01.heydouga.com/contents/4139/001/player_thumb.jpg,2014-09-12,Cocoa,Sarashiya 
【可郅づ子限定 反膜铩 婚活中の同僚,http://en.heydouga.com/moviepages/4139/017/index.html,http://image01.heydouga.com/contents/4139/017/player_thumb.jpg,2015-01-16,Amateur,Sarashiya 
【可郅づ子限定 反膜铩⒐子女,http://en.heydouga.com/moviepages/4139/016/index.html,http://image01.heydouga.com/contents/4139/016/player_thumb.jpg,2015-01-04,Amateur,Sarashiya 
【可郅づ子限定 反膜铩eの部署の兵,http://en.heydouga.com/moviepages/4139/014/index.html,http://image01.heydouga.com/contents/4139/014/player_thumb.jpg,2014-12-12,Amateur,Sarashiya 
【可郅づ子限定 反膜铩坑兵,http://en.heydouga.com/moviepages/4139/013/index.html,http://image01.heydouga.com/contents/4139/013/player_thumb.jpg,2014-12-05,Amateur,Sarashiya 
【可郅づ子限定 反膜铩N.Mちゃん　新_拓成功,http://en.heydouga.com/moviepages/4139/012/index.html,http://image01.heydouga.com/contents/4139/012/player_thumb.jpg,2014-11-28,Amateur,Sarashiya 
【可郅づ子限定 反膜铩啃∩意荬蚀笱生,http://en.heydouga.com/moviepages/4139/011/index.html,http://image01.heydouga.com/contents/4139/011/player_thumb.jpg,2014-11-21,Amateur,Sarashiya 
【可郅づ子限定 反膜铩E.Iちゃん,http://en.heydouga.com/moviepages/4139/010/index.html,http://image01.heydouga.com/contents/4139/010/player_thumb.jpg,2014-11-19,Amateur,Sarashiya 
【可郅づ子限定 反膜铩颗型の教,http://en.heydouga.com/moviepages/4139/009/index.html,http://image01.heydouga.com/contents/4139/009/player_thumb.jpg,2014-11-07,Amateur,Sarashiya 
【可郅づ子限定 反膜铩MYちゃん,http://en.heydouga.com/moviepages/4139/008/index.html,http://image01.heydouga.com/contents/4139/008/player_thumb.jpg,2014-10-31,Amateur,Sarashiya 
【可郅づ子限定 反膜铩窟`う部署の先,http://en.heydouga.com/moviepages/4139/007/index.html,http://image01.heydouga.com/contents/4139/007/player_thumb.jpg,2014-10-18,Amateur,Sarashiya 
【可郅づ子限定 反膜铩空_の捻じ曲がった平成生まれのデカクリ娘,http://en.heydouga.com/moviepages/4139/006/index.html,http://image01.heydouga.com/contents/4139/006/player_thumb.jpg,2014-10-11,Amateur,Sarashiya 
