S○○YOvB企Iの制服でオナニ`,http://en.heydouga.com/moviepages/4013/019/index.html,http://image01.heydouga.com/contents/4013/019/player_thumb.jpg,2011-09-16,Masami Shindou,seifuku cutie 
イベントコンパニオンの制服でオナニ`,http://en.heydouga.com/moviepages/4013/018/index.html,http://image01.heydouga.com/contents/4013/018/player_thumb.jpg,2011-09-15,Masami Shindou,seifuku cutie 
自榆拥辘沃品でマオナニ`,http://en.heydouga.com/moviepages/4013/017/index.html,http://image01.heydouga.com/contents/4013/017/player_thumb.jpg,2011-09-14,Masami Shindou,seifuku cutie 
エ○○ンの制服でマオナニ`,http://en.heydouga.com/moviepages/4013/016/index.html,http://image01.heydouga.com/contents/4013/016/player_thumb.jpg,2011-09-13,Masami Shindou,seifuku cutie 
Cセ`ラ`服でマオナニ`,http://en.heydouga.com/moviepages/4013/015/index.html,http://image01.heydouga.com/contents/4013/015/player_thumb.jpg,2011-09-12,Masami Shindou,seifuku cutie 
グレ`ジャンスカ制服でオナニ`,http://en.heydouga.com/moviepages/4013/014/index.html,http://image01.heydouga.com/contents/4013/014/player_thumb.jpg,2011-09-11,Masami Shindou,seifuku cutie 
医事栅沃品でオナニ`,http://en.heydouga.com/moviepages/4013/013/index.html,http://image01.heydouga.com/contents/4013/013/player_thumb.jpg,2011-09-10,Masami Shindou,seifuku cutie 
イベントコンパニオンの制服でオナニ`,http://en.heydouga.com/moviepages/4013/012/index.html,http://image01.heydouga.com/contents/4013/012/player_thumb.jpg,2011-09-09,Masami Shindou,seifuku cutie 
Cブレ制服＆白下着でオナニ`,http://en.heydouga.com/moviepages/4013/011/index.html,http://image01.heydouga.com/contents/4013/011/player_thumb.jpg,2011-09-08,Makiko Tozawa,seifuku cutie 
ジャンスカ制服でオナニ`,http://en.heydouga.com/moviepages/4013/010/index.html,http://image01.heydouga.com/contents/4013/010/player_thumb.jpg,2011-09-07,Masami Shindou,seifuku cutie 
N○○の制服でオナニ`,http://en.heydouga.com/moviepages/4013/009/index.html,http://image01.heydouga.com/contents/4013/009/player_thumb.jpg,2011-09-06,Masami Shindou,seifuku cutie 
セ`ラ`服とピンクの下着オナニ`,http://en.heydouga.com/moviepages/4013/008/index.html,http://image01.heydouga.com/contents/4013/008/player_thumb.jpg,2011-09-05,Makiko Tozawa,seifuku cutie 
Cセ`ラ`服でオナニ`,http://en.heydouga.com/moviepages/4013/007/index.html,http://image01.heydouga.com/contents/4013/007/player_thumb.jpg,2011-09-04,Masami Shindou,seifuku cutie 
FOLKu制服でOLオナニ`,http://en.heydouga.com/moviepages/4013/006/index.html,http://image01.heydouga.com/contents/4013/006/player_thumb.jpg,2011-09-03,Masami Shindou,seifuku cutie 
チェックSのCブレ制服でオナニ`,http://en.heydouga.com/moviepages/4013/005/index.html,http://image01.heydouga.com/contents/4013/005/player_thumb.jpg,2011-09-02,Makiko Tozawa,seifuku cutie 
ミ○○ニの制服でマ　オナニ`,http://en.heydouga.com/moviepages/4013/004/index.html,http://image01.heydouga.com/contents/4013/004/player_thumb.jpg,2011-09-01,Masami Shindou,seifuku cutie 
医事栅沃品でオナニ`,http://en.heydouga.com/moviepages/4013/003/index.html,http://image01.heydouga.com/contents/4013/003/player_thumb.jpg,2011-08-31,Makiko Tozawa,seifuku cutie 
ブレザ`制服 マでオナニ`,http://en.heydouga.com/moviepages/4013/002/index.html,http://image01.heydouga.com/contents/4013/002/player_thumb.jpg,2011-08-30,Masami Shindou,seifuku cutie 
セ`ラ`服 マでオナニ`,http://en.heydouga.com/moviepages/4013/001/index.html,http://image01.heydouga.com/contents/4013/001/player_thumb.jpg,2011-08-12,MAKIKO TOZAWA,seifuku cutie 
S○○YOvB企Iの制服でオナニ`,http://en.heydouga.com/moviepages/4013/019/index.html,http://image01.heydouga.com/contents/4013/019/player_thumb.jpg,2011-09-16,Masami Shindou,seifuku cutie 
イベントコンパニオンの制服でオナニ`,http://en.heydouga.com/moviepages/4013/018/index.html,http://image01.heydouga.com/contents/4013/018/player_thumb.jpg,2011-09-15,Masami Shindou,seifuku cutie 
自榆拥辘沃品でマオナニ`,http://en.heydouga.com/moviepages/4013/017/index.html,http://image01.heydouga.com/contents/4013/017/player_thumb.jpg,2011-09-14,Masami Shindou,seifuku cutie 
エ○○ンの制服でマオナニ`,http://en.heydouga.com/moviepages/4013/016/index.html,http://image01.heydouga.com/contents/4013/016/player_thumb.jpg,2011-09-13,Masami Shindou,seifuku cutie 
Cセ`ラ`服でマオナニ`,http://en.heydouga.com/moviepages/4013/015/index.html,http://image01.heydouga.com/contents/4013/015/player_thumb.jpg,2011-09-12,Masami Shindou,seifuku cutie 
グレ`ジャンスカ制服でオナニ`,http://en.heydouga.com/moviepages/4013/014/index.html,http://image01.heydouga.com/contents/4013/014/player_thumb.jpg,2011-09-11,Masami Shindou,seifuku cutie 
医事栅沃品でオナニ`,http://en.heydouga.com/moviepages/4013/013/index.html,http://image01.heydouga.com/contents/4013/013/player_thumb.jpg,2011-09-10,Masami Shindou,seifuku cutie 
イベントコンパニオンの制服でオナニ`,http://en.heydouga.com/moviepages/4013/012/index.html,http://image01.heydouga.com/contents/4013/012/player_thumb.jpg,2011-09-09,Masami Shindou,seifuku cutie 
Cブレ制服＆白下着でオナニ`,http://en.heydouga.com/moviepages/4013/011/index.html,http://image01.heydouga.com/contents/4013/011/player_thumb.jpg,2011-09-08,Makiko Tozawa,seifuku cutie 
ジャンスカ制服でオナニ`,http://en.heydouga.com/moviepages/4013/010/index.html,http://image01.heydouga.com/contents/4013/010/player_thumb.jpg,2011-09-07,Masami Shindou,seifuku cutie 
N○○の制服でオナニ`,http://en.heydouga.com/moviepages/4013/009/index.html,http://image01.heydouga.com/contents/4013/009/player_thumb.jpg,2011-09-06,Masami Shindou,seifuku cutie 
セ`ラ`服とピンクの下着オナニ`,http://en.heydouga.com/moviepages/4013/008/index.html,http://image01.heydouga.com/contents/4013/008/player_thumb.jpg,2011-09-05,Makiko Tozawa,seifuku cutie 
Cセ`ラ`服でオナニ`,http://en.heydouga.com/moviepages/4013/007/index.html,http://image01.heydouga.com/contents/4013/007/player_thumb.jpg,2011-09-04,Masami Shindou,seifuku cutie 
FOLKu制服でOLオナニ`,http://en.heydouga.com/moviepages/4013/006/index.html,http://image01.heydouga.com/contents/4013/006/player_thumb.jpg,2011-09-03,Masami Shindou,seifuku cutie 
チェックSのCブレ制服でオナニ`,http://en.heydouga.com/moviepages/4013/005/index.html,http://image01.heydouga.com/contents/4013/005/player_thumb.jpg,2011-09-02,Makiko Tozawa,seifuku cutie 
ミ○○ニの制服でマ　オナニ`,http://en.heydouga.com/moviepages/4013/004/index.html,http://image01.heydouga.com/contents/4013/004/player_thumb.jpg,2011-09-01,Masami Shindou,seifuku cutie 
医事栅沃品でオナニ`,http://en.heydouga.com/moviepages/4013/003/index.html,http://image01.heydouga.com/contents/4013/003/player_thumb.jpg,2011-08-31,Makiko Tozawa,seifuku cutie 
ブレザ`制服 マでオナニ`,http://en.heydouga.com/moviepages/4013/002/index.html,http://image01.heydouga.com/contents/4013/002/player_thumb.jpg,2011-08-30,Masami Shindou,seifuku cutie 
セ`ラ`服 マでオナニ`,http://en.heydouga.com/moviepages/4013/001/index.html,http://image01.heydouga.com/contents/4013/001/player_thumb.jpg,2011-08-12,MAKIKO TOZAWA,seifuku cutie 
S○○YOvB企Iの制服でオナニ`,http://en.heydouga.com/moviepages/4013/019/index.html,http://image01.heydouga.com/contents/4013/019/player_thumb.jpg,2011-09-16,Masami Shindou,seifuku cutie 
イベントコンパニオンの制服でオナニ`,http://en.heydouga.com/moviepages/4013/018/index.html,http://image01.heydouga.com/contents/4013/018/player_thumb.jpg,2011-09-15,Masami Shindou,seifuku cutie 
自榆拥辘沃品でマオナニ`,http://en.heydouga.com/moviepages/4013/017/index.html,http://image01.heydouga.com/contents/4013/017/player_thumb.jpg,2011-09-14,Masami Shindou,seifuku cutie 
エ○○ンの制服でマオナニ`,http://en.heydouga.com/moviepages/4013/016/index.html,http://image01.heydouga.com/contents/4013/016/player_thumb.jpg,2011-09-13,Masami Shindou,seifuku cutie 
Cセ`ラ`服でマオナニ`,http://en.heydouga.com/moviepages/4013/015/index.html,http://image01.heydouga.com/contents/4013/015/player_thumb.jpg,2011-09-12,Masami Shindou,seifuku cutie 
グレ`ジャンスカ制服でオナニ`,http://en.heydouga.com/moviepages/4013/014/index.html,http://image01.heydouga.com/contents/4013/014/player_thumb.jpg,2011-09-11,Masami Shindou,seifuku cutie 
